95759,8,America/Los_Angeles,Elk Grove,CA
95762,8,America/Los_Angeles,El Dorado Hills,CA
95763,8,America/Los_Angeles,Folsom,CA
95765,8,America/Los_Angeles,Rocklin,CA
95776,8,America/Los_Angeles,Woodland,CA
95798,8,America/Los_Angeles,West Sacramento,CA
95799,8,America/Los_Angeles,West Sacramento,CA
95811,8,America/Los_Angeles,Sacramento,CA
95812,8,America/Los_Angeles,Sacramento,CA
95813,8,America/Los_Angeles,Sacramento,CA
95814,8,America/Los_Angeles,Sacramento,CA
95815,8,America/Los_Angeles,Sacramento,CA
95816,8,America/Los_Angeles,Sacramento,CA
95817,8,America/Los_Angeles,Sacramento,CA
95818,8,America/Los_Angeles,Sacramento,CA
95819,8,America/Los_Angeles,Sacramento,CA
95820,8,America/Los_Angeles,Sacramento,CA
95821,8,America/Los_Angeles,Sacramento,CA
95822,8,America/Los_Angeles,Sacramento,CA
95823,8,America/Los_Angeles,Sacramento,CA
95824,8,America/Los_Angeles,Sacramento,CA
95825,8,America/Los_Angeles,Sacramento,CA
95826,8,America/Los_Angeles,Sacramento,CA
95827,8,America/Los_Angeles,Sacramento,CA
95828,8,America/Los_Angeles,Sacramento,CA
95829,8,America/Los_Angeles,Sacramento,CA
95830,8,America/Los_Angeles,Sacramento,CA
95831,8,America/Los_Angeles,Sacramento,CA
95832,8,America/Los_Angeles,Sacramento,CA
95833,8,America/Los_Angeles,Sacramento,CA
95834,8,America/Los_Angeles,Sacramento,CA
95835,8,America/Los_Angeles,Sacramento,CA
95836,8,America/Los_Angeles,Sacramento,CA
95837,8,America/Los_Angeles,Sacramento,CA
95838,8,America/Los_Angeles,Sacramento,CA
95840,8,America/Los_Angeles,Sacramento,CA
95841,8,America/Los_Angeles,Sacramento,CA
95842,8,America/Los_Angeles,Sacramento,CA
95843,8,America/Los_Angeles,Antelope,CA
95851,8,America/Los_Angeles,Sacramento,CA
95852,8,America/Los_Angeles,Sacramento,CA
95853,8,America/Los_Angeles,Sacramento,CA
95860,8,America/Los_Angeles,Sacramento,CA
95864,8,America/Los_Angeles,Sacramento,CA
95865,8,America/Los_Angeles,Sacramento,CA
95866,8,America/Los_Angeles,Sacramento,CA
95867,8,America/Los_Angeles,Sacramento,CA
95887,8,America/Los_Angeles,Sacramento,CA
95894,8,America/Los_Angeles,Sacramento,CA
95899,8,America/Los_Angeles,Sacramento,CA
95901,8,America/Los_Angeles,Marysville,CA
95903,8,America/Los_Angeles,Beale Afb,CA
95910,8,America/Los_Angeles,Alleghany,CA
95912,8,America/Los_Angeles,Arbuckle,CA
95913,8,America/Los_Angeles,Artois,CA
95914,8,America/Los_Angeles,Bangor,CA
95915,8,America/Los_Angeles,Belden,CA
95916,8,America/Los_Angeles,Berry Creek,CA
95917,8,America/Los_Angeles,Biggs,CA
95918,8,America/Los_Angeles,Browns Valley,CA
95919,8,America/Los_Angeles,Brownsville,CA
95920,8,America/Los_Angeles,Butte City,CA
95922,8,America/Los_Angeles,Camptonville,CA
95923,8,America/Los_Angeles,Canyon Dam,CA
95924,8,America/Los_Angeles,Cedar Ridge,CA
95925,8,America/Los_Angeles,Challenge,CA
95926,8,America/Los_Angeles,Chico,CA
95927,8,America/Los_Angeles,Chico,CA
95928,8,America/Los_Angeles,Chico,CA
95929,8,America/Los_Angeles,Chico,CA
95930,8,America/Los_Angeles,Clipper Mills,CA
95932,8,America/Los_Angeles,Colusa,CA
95934,8,America/Los_Angeles,Crescent Mills,CA
95935,8,America/Los_Angeles,Dobbins,CA
95936,8,America/Los_Angeles,Downieville,CA
95937,8,America/Los_Angeles,Dunnigan,CA
95938,8,America/Los_Angeles,Durham,CA
95939,8,America/Los_Angeles,Elk Creek,CA
95940,8,America/Los_Angeles,Feather Falls,CA
95941,8,America/Los_Angeles,Forbestown,CA
95942,8,America/Los_Angeles,Forest Ranch,CA
95943,8,America/Los_Angeles,Glenn,CA
95944,8,America/Los_Angeles,Goodyears Bar,CA
95945,8,America/Los_Angeles,Grass Valley,CA
95946,8,America/Los_Angeles,Penn Valley,CA
95947,8,America/Los_Angeles,Greenville,CA
95948,8,America/Los_Angeles,Gridley,CA
95949,8,America/Los_Angeles,Grass Valley,CA
95950,8,America/Los_Angeles,Grimes,CA
95951,8,America/Los_Angeles,Hamilton City,CA
95953,8,America/Los_Angeles,Live Oak,CA
95954,8,America/Los_Angeles,Magalia,CA
95955,8,America/Los_Angeles,Maxwell,CA
95956,8,America/Los_Angeles,Meadow Valley,CA
95957,8,America/Los_Angeles,Meridian,CA
95958,8,America/Los_Angeles,Nelson,CA
95959,8,America/Los_Angeles,Nevada City,CA
95960,8,America/Los_Angeles,North San Juan,CA
95961,8,America/Los_Angeles,Olivehurst,CA
95962,8,America/Los_Angeles,Oregon House,CA
95963,8,America/Los_Angeles,Orland,CA
95965,8,America/Los_Angeles,Oroville,CA
95966,8,America/Los_Angeles,Oroville,CA
95967,8,America/Los_Angeles,Paradise,CA
95968,8,America/Los_Angeles,Palermo,CA
95969,8,America/Los_Angeles,Paradise,CA
95970,8,America/Los_Angeles,Princeton,CA
95971,8,America/Los_Angeles,Quincy,CA
95972,8,America/Los_Angeles,Rackerby,CA
95973,8,America/Los_Angeles,Chico,CA
95974,8,America/Los_Angeles,Richvale,CA
95975,8,America/Los_Angeles,Rough And Ready,CA
95976,8,America/Los_Angeles,Chico,CA
95977,8,America/Los_Angeles,Smartsville,CA
95978,8,America/Los_Angeles,Stirling City,CA
95979,8,America/Los_Angeles,Stonyford,CA
95980,8,America/Los_Angeles,Storrie,CA
95981,8,America/Los_Angeles,Strawberry Valley,CA
95982,8,America/Los_Angeles,Sutter,CA
95983,8,America/Los_Angeles,Taylorsville,CA
95984,8,America/Los_Angeles,Twain,CA
95986,8,America/Los_Angeles,Washington,CA
95987,8,America/Los_Angeles,Williams,CA
95988,8,America/Los_Angeles,Willows,CA
95991,8,America/Los_Angeles,Yuba City,CA
95992,8,America/Los_Angeles,Yuba City,CA
95993,8,America/Los_Angeles,Yuba City,CA
96001,8,America/Los_Angeles,Redding,CA
96002,8,America/Los_Angeles,Redding,CA
96003,8,America/Los_Angeles,Redding,CA
96006,8,America/Los_Angeles,Adin,CA
96007,8,America/Los_Angeles,Anderson,CA
96008,8,America/Los_Angeles,Bella Vista,CA
96009,8,America/Los_Angeles,Bieber,CA
96010,8,America/Los_Angeles,Big Bar,CA
96011,8,America/Los_Angeles,Big Bend,CA
96013,8,America/Los_Angeles,Burney,CA
96014,8,America/Los_Angeles,Callahan,CA
96015,8,America/Los_Angeles,Canby,CA
96016,8,America/Los_Angeles,Cassel,CA
96017,8,America/Los_Angeles,Castella,CA
96019,8,America/Los_Angeles,Shasta Lake,CA
96020,8,America/Los_Angeles,Chester,CA
96021,8,America/Los_Angeles,Corning,CA
96022,8,America/Los_Angeles,Cottonwood,CA
96023,8,America/Los_Angeles,Dorris,CA
96024,8,America/Los_Angeles,Douglas City,CA
96025,8,America/Los_Angeles,Dunsmuir,CA
96027,8,America/Los_Angeles,Etna,CA
96028,8,America/Los_Angeles,Fall River Mills,CA
96029,8,America/Los_Angeles,Flournoy,CA
96031,8,America/Los_Angeles,Forks Of Salmon,CA
96032,8,America/Los_Angeles,Fort Jones,CA
96033,8,America/Los_Angeles,French Gulch,CA
96034,8,America/Los_Angeles,Gazelle,CA
96035,8,America/Los_Angeles,Gerber,CA
96037,8,America/Los_Angeles,Greenview,CA
96038,8,America/Los_Angeles,Grenada,CA
96039,8,America/Los_Angeles,Happy Camp,CA
96040,8,America/Los_Angeles,Hat Creek,CA
96041,8,America/Los_Angeles,Hayfork,CA
96044,8,America/Los_Angeles,Hornbrook,CA
96046,8,America/Los_Angeles,Hyampom,CA
96047,8,America/Los_Angeles,Igo,CA
96048,8,America/Los_Angeles,Junction City,CA
96049,8,America/Los_Angeles,Redding,CA
96050,8,America/Los_Angeles,Klamath River,CA
96051,8,America/Los_Angeles,Lakehead,CA
96052,8,America/Los_Angeles,Lewiston,CA
96054,8,America/Los_Angeles,Lookout,CA
96055,8,America/Los_Angeles,Los Molinos,CA
96056,8,America/Los_Angeles,Mcarthur,CA
96057,8,America/Los_Angeles,Mccloud,CA
96058,8,America/Los_Angeles,Macdoel,CA
96059,8,America/Los_Angeles,Manton,CA
96061,8,America/Los_Angeles,Mill Creek,CA
96062,8,America/Los_Angeles,Millville,CA
96063,8,America/Los_Angeles,Mineral,CA
96064,8,America/Los_Angeles,Montague,CA
96065,8,America/Los_Angeles,Montgomery Creek,CA
96067,8,America/Los_Angeles,Mount Shasta,CA
96068,8,America/Los_Angeles,Nubieber,CA
96069,8,America/Los_Angeles,Oak Run,CA
96070,8,America/Los_Angeles,Obrien,CA
96071,8,America/Los_Angeles,Old Station,CA
96073,8,America/Los_Angeles,Palo Cedro,CA
96074,8,America/Los_Angeles,Paskenta,CA
96075,8,America/Los_Angeles,Paynes Creek,CA
96076,8,America/Los_Angeles,Platina,CA
96078,8,America/Los_Angeles,Proberta,CA
96079,8,America/Los_Angeles,Shasta Lake,CA
96080,8,America/Los_Angeles,Red Bluff,CA
96084,8,America/Los_Angeles,Round Mountain,CA
96085,8,America/Los_Angeles,Scott Bar,CA
96086,8,America/Los_Angeles,Seiad Valley,CA
96087,8,America/Los_Angeles,Shasta,CA
96088,8,America/Los_Angeles,Shingletown,CA
96089,8,America/Los_Angeles,Shasta Lake,CA
96090,8,America/Los_Angeles,Tehama,CA
96091,8,America/Los_Angeles,Trinity Center,CA
96092,8,America/Los_Angeles,Vina,CA
96093,8,America/Los_Angeles,Weaverville,CA
96094,8,America/Los_Angeles,Weed,CA
96095,8,America/Los_Angeles,Whiskeytown,CA
96096,8,America/Los_Angeles,Whitmore,CA
96097,8,America/Los_Angeles,Yreka,CA
96099,8,America/Los_Angeles,Redding,CA
96101,8,America/Los_Angeles,Alturas,CA
96103,8,America/Los_Angeles,Blairsden-graeagle,CA
96104,8,America/Los_Angeles,Cedarville,CA
96105,8,America/Los_Angeles,Chilcoot,CA
96106,8,America/Los_Angeles,Clio,CA
96107,8,America/Los_Angeles,Coleville,CA
96108,8,America/Los_Angeles,Davis Creek,CA
96109,8,America/Los_Angeles,Doyle,CA
96110,8,America/Los_Angeles,Eagleville,CA
96111,8,America/Los_Angeles,Floriston,CA
96112,8,America/Los_Angeles,Fort Bidwell,CA
96113,8,America/Los_Angeles,Herlong,CA
96114,8,America/Los_Angeles,Janesville,CA
96115,8,America/Los_Angeles,Lake City,CA
96116,8,America/Los_Angeles,Likely,CA
96117,8,America/Los_Angeles,Litchfield,CA
96118,8,America/Los_Angeles,Loyalton,CA
96119,8,America/Los_Angeles,Madeline,CA
96120,8,America/Los_Angeles,Markleeville,CA
96121,8,America/Los_Angeles,Milford,CA
96122,8,America/Los_Angeles,Portola,CA
96123,8,America/Los_Angeles,Ravendale,CA
96124,8,America/Los_Angeles,Calpine,CA
96125,8,America/Los_Angeles,Sierra City,CA
96126,8,America/Los_Angeles,Sierraville,CA
96127,8,America/Los_Angeles,Susanville,CA
96128,8,America/Los_Angeles,Standish,CA
96129,8,America/Los_Angeles,Beckwourth,CA
96130,8,America/Los_Angeles,Susanville,CA
96132,8,America/Los_Angeles,Termo,CA
96133,8,America/Los_Angeles,Topaz,CA
96134,8,America/Los_Angeles,Tulelake,CA
96135,8,America/Los_Angeles,Vinton,CA
96136,8,America/Los_Angeles,Wendel,CA
96137,8,America/Los_Angeles,Westwood,CA
96140,8,America/Los_Angeles,Carnelian Bay,CA
96141,8,America/Los_Angeles,Homewood,CA
96142,8,America/Los_Angeles,Tahoma,CA
96143,8,America/Los_Angeles,Kings Beach,CA
96145,8,America/Los_Angeles,Tahoe City,CA
96146,8,America/Los_Angeles,Olympic Valley,CA
96148,8,America/Los_Angeles,Tahoe Vista,CA
96150,8,America/Los_Angeles,South Lake Tahoe,CA
96151,8,America/Los_Angeles,South Lake Tahoe,CA
96152,8,America/Los_Angeles,South Lake Tahoe,CA
96154,8,America/Los_Angeles,South Lake Tahoe,CA
96155,8,America/Los_Angeles,South Lake Tahoe,CA
96156,8,America/Los_Angeles,South Lake Tahoe,CA
96157,8,America/Los_Angeles,South Lake Tahoe,CA
96158,8,America/Los_Angeles,South Lake Tahoe,CA
96160,8,America/Los_Angeles,Truckee,CA
96161,8,America/Los_Angeles,Truckee,CA
96162,8,America/Los_Angeles,Truckee,CA
96701,10,Pacific/Honolulu,Aiea,HI
96703,10,Pacific/Honolulu,Anahola,HI
96704,10,Pacific/Honolulu,Captain Cook,HI
96705,10,Pacific/Honolulu,Eleele,HI
96706,10,Pacific/Honolulu,Ewa Beach,HI
96707,10,Pacific/Honolulu,Kapolei,HI
96708,10,Pacific/Honolulu,Haiku,HI
96709,10,Pacific/Honolulu,Kapolei,HI
96710,10,Pacific/Honolulu,Hakalau,HI
96712,10,Pacific/Honolulu,Haleiwa,HI
96713,10,Pacific/Honolulu,Hana,HI
96714,10,Pacific/Honolulu,Hanalei,HI
96715,10,Pacific/Honolulu,Hanamaulu,HI
96716,10,Pacific/Honolulu,Hanapepe,HI
96717,10,Pacific/Honolulu,Hauula,HI
96718,10,Pacific/Honolulu,Hawaii National Park,HI
96719,10,Pacific/Honolulu,Hawi,HI
96720,10,Pacific/Honolulu,Hilo,HI
96721,10,Pacific/Honolulu,Hilo,HI
96722,10,Pacific/Honolulu,Princeville,HI
96725,10,Pacific/Honolulu,Holualoa,HI
96726,10,Pacific/Honolulu,Honaunau,HI
96727,10,Pacific/Honolulu,Honokaa,HI
96728,10,Pacific/Honolulu,Honomu,HI
96729,10,Pacific/Honolulu,Hoolehua,HI
96730,10,Pacific/Honolulu,Kaaawa,HI
96731,10,Pacific/Honolulu,Kahuku,HI
96732,10,Pacific/Honolulu,Kahului,HI
96733,10,Pacific/Honolulu,Kahului,HI
96734,10,Pacific/Honolulu,Kailua,HI
96737,10,Pacific/Honolulu,Ocean View,HI
96738,10,Pacific/Honolulu,Waikoloa,HI
96739,10,Pacific/Honolulu,Keauhou,HI
96740,10,Pacific/Honolulu,Kailua Kona,HI
96741,10,Pacific/Honolulu,Kalaheo,HI
96742,10,Pacific/Honolulu,Kalaupapa,HI
96743,10,Pacific/Honolulu,Kamuela,HI
96744,10,Pacific/Honolulu,Kaneohe,HI
96745,10,Pacific/Honolulu,Kailua Kona,HI
96746,10,Pacific/Honolulu,Kapaa,HI
96747,10,Pacific/Honolulu,Kaumakani,HI
96748,10,Pacific/Honolulu,Kaunakakai,HI
96749,10,Pacific/Honolulu,Keaau,HI
96750,10,Pacific/Honolulu,Kealakekua,HI
96751,10,Pacific/Honolulu,Kealia,HI
96752,10,Pacific/Honolulu,Kekaha,HI
96753,10,Pacific/Honolulu,Kihei,HI
96754,10,Pacific/Honolulu,Kilauea,HI
96755,10,Pacific/Honolulu,Kapaau,HI
96756,10,Pacific/Honolulu,Koloa,HI
96757,10,Pacific/Honolulu,Kualapuu,HI
96759,10,Pacific/Honolulu,Kunia,HI
96760,10,Pacific/Honolulu,Kurtistown,HI
96761,10,Pacific/Honolulu,Lahaina,HI
96762,10,Pacific/Honolulu,Laie,HI
96763,10,Pacific/Honolulu,Lanai City,HI
96764,10,Pacific/Honolulu,Laupahoehoe,HI
96765,10,Pacific/Honolulu,Lawai,HI
96766,10,Pacific/Honolulu,Lihue,HI
96767,10,Pacific/Honolulu,Lahaina,HI
96768,10,Pacific/Honolulu,Makawao,HI
96769,10,Pacific/Honolulu,Makaweli,HI
96770,10,Pacific/Honolulu,Maunaloa,HI
96771,10,Pacific/Honolulu,Mountain View,HI
96772,10,Pacific/Honolulu,Naalehu,HI
96773,10,Pacific/Honolulu,Ninole,HI
96774,10,Pacific/Honolulu,Ookala,HI
96776,10,Pacific/Honolulu,Paauilo,HI
96777,10,Pacific/Honolulu,Pahala,HI
96778,10,Pacific/Honolulu,Pahoa,HI
96779,10,Pacific/Honolulu,Paia,HI
96780,10,Pacific/Honolulu,Papaaloa,HI
96781,10,Pacific/Honolulu,Papaikou,HI
96782,10,Pacific/Honolulu,Pearl City,HI
96783,10,Pacific/Honolulu,Pepeekeo,HI
96784,10,Pacific/Honolulu,Puunene,HI
96785,10,Pacific/Honolulu,Volcano,HI
96786,10,Pacific/Honolulu,Wahiawa,HI
96788,10,Pacific/Honolulu,Pukalani,HI
96789,10,Pacific/Honolulu,Mililani,HI
96790,10,Pacific/Honolulu,Kula,HI
96791,10,Pacific/Honolulu,Waialua,HI
96792,10,Pacific/Honolulu,Waianae,HI
96793,10,Pacific/Honolulu,Wailuku,HI
96795,10,Pacific/Honolulu,Waimanalo,HI
96796,10,Pacific/Honolulu,Waimea,HI
96797,10,Pacific/Honolulu,Waipahu,HI
96799,11,Pacific/Pago_Pago,Pago Pago,AS
96801,10,Pacific/Honolulu,Honolulu,HI
96802,10,Pacific/Honolulu,Honolulu,HI
96803,10,Pacific/Honolulu,Honolulu,HI
96804,10,Pacific/Honolulu,Honolulu,HI
96805,10,Pacific/Honolulu,Honolulu,HI
96806,10,Pacific/Honolulu,Honolulu,HI
96807,10,Pacific/Honolulu,Honolulu,HI
96808,10,Pacific/Honolulu,Honolulu,HI
96809,10,Pacific/Honolulu,Honolulu,HI
96810,10,Pacific/Honolulu,Honolulu,HI
96811,10,Pacific/Honolulu,Honolulu,HI
96812,10,Pacific/Honolulu,Honolulu,HI
96813,10,Pacific/Honolulu,Honolulu,HI
96814,10,Pacific/Honolulu,Honolulu,HI
96815,10,Pacific/Honolulu,Honolulu,HI
96816,10,Pacific/Honolulu,Honolulu,HI
96817,10,Pacific/Honolulu,Honolulu,HI
96818,10,Pacific/Honolulu,Honolulu,HI
96819,10,Pacific/Honolulu,Honolulu,HI
96820,10,Pacific/Honolulu,Honolulu,HI
96821,10,Pacific/Honolulu,Honolulu,HI
96822,10,Pacific/Honolulu,Honolulu,HI
96823,10,Pacific/Honolulu,Honolulu,HI
96824,10,Pacific/Honolulu,Honolulu,HI
96825,10,Pacific/Honolulu,Honolulu,HI
96826,10,Pacific/Honolulu,Honolulu,HI
96827,10,Pacific/Honolulu,Honolulu,HI
96828,10,Pacific/Honolulu,Honolulu,HI
96830,10,Pacific/Honolulu,Honolulu,HI
96835,10,Pacific/Honolulu,Honolulu,HI
96836,10,Pacific/Honolulu,Honolulu,HI
96837,10,Pacific/Honolulu,Honolulu,HI
96838,10,Pacific/Honolulu,Honolulu,HI
96839,10,Pacific/Honolulu,Honolulu,HI
96840,10,Pacific/Honolulu,Honolulu,HI
96841,10,Pacific/Honolulu,Honolulu,HI
96843,10,Pacific/Honolulu,Honolulu,HI
96844,10,Pacific/Honolulu,Honolulu,HI
96846,10,Pacific/Honolulu,Honolulu,HI
96847,10,Pacific/Honolulu,Honolulu,HI
96848,10,Pacific/Honolulu,Honolulu,HI
96849,10,Pacific/Honolulu,Honolulu,HI
96850,10,Pacific/Honolulu,Honolulu,HI
96853,10,Pacific/Honolulu,J B P H H,HI
96854,10,Pacific/Honolulu,Wheeler Army Airfield,HI
96857,10,Pacific/Honolulu,Schofield Barracks,HI
96858,10,Pacific/Honolulu,Fort Shafter,HI
96859,10,Pacific/Honolulu,Tripler Army Medical Center,HI
96860,10,Pacific/Honolulu,J B P H H,HI
96861,10,Pacific/Honolulu,Camp H M Smith,HI
96863,10,Pacific/Honolulu,M C B H Kaneohe Bay,HI
96898,10,Pacific/Honolulu,Wake Island,HI
96910,-10,Pacific/Guam,Hagatna,GU
96912,-10,Pacific/Guam,Dededo,GU
96913,-10,Pacific/Guam,Barrigada,GU
96915,-10,Pacific/Guam,Santa Rita,GU
96916,-10,Pacific/Guam,Merizo,GU
96917,-10,Pacific/Guam,Inarajan,GU
96919,-10,Pacific/Guam,Agana Heights,GU
96921,-10,Pacific/Guam,Barrigada,GU
96923,-10,Pacific/Guam,Mangilao,GU
96928,-10,Pacific/Guam,Agat,GU
96929,-10,Pacific/Guam,Yigo,GU
96931,-10,Pacific/Guam,Tamuning,GU
96932,-10,Pacific/Guam,Hagatna,GU
96939,-9,Pacific/Palau,Palau,PW
96940,-9,Pacific/Palau,Palau,PW
96941,-10,Pacific/Chuuk,Pohnpei,FM
96942,-10,Pacific/Chuuk,Chuuk,FM
96943,-10,Pacific/Chuuk,Yap,FM
96944,-10,Pacific/Chuuk,Kosrae,FM
96950,-10,Pacific/Saipan,Saipan,MP
96951,-10,Pacific/Saipan,Rota,MP
96952,-10,Pacific/Saipan,Tinian,MP
96960,-12,Pacific/Majuro,Majuro,MH
96970,-12,Pacific/Majuro,Ebeye,MH
97001,8,America/Los_Angeles,Antelope,OR
97002,8,America/Los_Angeles,Aurora,OR
97004,8,America/Los_Angeles,Beavercreek,OR
97005,8,America/Los_Angeles,Beaverton,OR
97006,8,America/Los_Angeles,Beaverton,OR
97007,8,America/Los_Angeles,Beaverton,OR
97008,8,America/Los_Angeles,Beaverton,OR
97009,8,America/Los_Angeles,Boring,OR
97010,8,America/Los_Angeles,Bridal Veil,OR
97011,8,America/Los_Angeles,Brightwood,OR
97013,8,America/Los_Angeles,Canby,OR
97014,8,America/Los_Angeles,Cascade Locks,OR
97015,8,America/Los_Angeles,Clackamas,OR
97016,8,America/Los_Angeles,Clatskanie,OR
97017,8,America/Los_Angeles,Colton,OR
97018,8,America/Los_Angeles,Columbia City,OR
97019,8,America/Los_Angeles,Corbett,OR
97020,8,America/Los_Angeles,Donald,OR
97021,8,America/Los_Angeles,Dufur,OR
97022,8,America/Los_Angeles,Eagle Creek,OR
97023,8,America/Los_Angeles,Estacada,OR
97024,8,America/Los_Angeles,Fairview,OR
97026,8,America/Los_Angeles,Gervais,OR
97027,8,America/Los_Angeles,Gladstone,OR
97028,8,America/Los_Angeles,Government Camp,OR
97029,8,America/Los_Angeles,Grass Valley,OR
97030,8,America/Los_Angeles,Gresham,OR
97031,8,America/Los_Angeles,Hood River,OR
97032,8,America/Los_Angeles,Hubbard,OR
97033,8,America/Los_Angeles,Kent,OR
97034,8,America/Los_Angeles,Lake Oswego,OR
97035,8,America/Los_Angeles,Lake Oswego,OR
97036,8,America/Los_Angeles,Marylhurst,OR
97037,8,America/Los_Angeles,Maupin,OR
97038,8,America/Los_Angeles,Molalla,OR
97039,8,America/Los_Angeles,Moro,OR
97040,8,America/Los_Angeles,Mosier,OR
97041,8,America/Los_Angeles,Mount Hood Parkdale,OR
97042,8,America/Los_Angeles,Mulino,OR
97044,8,America/Los_Angeles,Odell,OR
97045,8,America/Los_Angeles,Oregon City,OR
97048,8,America/Los_Angeles,Rainier,OR
97049,8,America/Los_Angeles,Rhododendron,OR
97050,8,America/Los_Angeles,Rufus,OR
97051,8,America/Los_Angeles,Saint Helens,OR
97053,8,America/Los_Angeles,Warren,OR
97054,8,America/Los_Angeles,Deer Island,OR
97055,8,America/Los_Angeles,Sandy,OR
97056,8,America/Los_Angeles,Scappoose,OR
97057,8,America/Los_Angeles,Shaniko,OR
97058,8,America/Los_Angeles,The Dalles,OR
97060,8,America/Los_Angeles,Troutdale,OR
97062,8,America/Los_Angeles,Tualatin,OR
97063,8,America/Los_Angeles,Tygh Valley,OR
97064,8,America/Los_Angeles,Vernonia,OR
97065,8,America/Los_Angeles,Wasco,OR
97067,8,America/Los_Angeles,Welches,OR
97068,8,America/Los_Angeles,West Linn,OR
97070,8,America/Los_Angeles,Wilsonville,OR
97071,8,America/Los_Angeles,Woodburn,OR
97075,8,America/Los_Angeles,Beaverton,OR
97076,8,America/Los_Angeles,Beaverton,OR
97077,8,America/Los_Angeles,Beaverton,OR
97078,8,America/Los_Angeles,Beaverton,OR
97079,8,America/Los_Angeles,Beaverton,OR
97080,8,America/Los_Angeles,Gresham,OR
97086,8,America/Los_Angeles,Happy Valley,OR
97089,8,America/Los_Angeles,Damascus,OR
97101,8,America/Los_Angeles,Amity,OR
97102,8,America/Los_Angeles,Arch Cape,OR
97103,8,America/Los_Angeles,Astoria,OR
97106,8,America/Los_Angeles,Banks,OR
97107,8,America/Los_Angeles,Bay City,OR
97108,8,America/Los_Angeles,Beaver,OR
97109,8,America/Los_Angeles,Buxton,OR
97110,8,America/Los_Angeles,Cannon Beach,OR
97111,8,America/Los_Angeles,Carlton,OR
97112,8,America/Los_Angeles,Cloverdale,OR
97113,8,America/Los_Angeles,Cornelius,OR
97114,8,America/Los_Angeles,Dayton,OR
97115,8,America/Los_Angeles,Dundee,OR
97116,8,America/Los_Angeles,Forest Grove,OR
97117,8,America/Los_Angeles,Gales Creek,OR
97118,8,America/Los_Angeles,Garibaldi,OR
97119,8,America/Los_Angeles,Gaston,OR
97121,8,America/Los_Angeles,Hammond,OR
97122,8,America/Los_Angeles,Hebo,OR
97123,8,America/Los_Angeles,Hillsboro,OR
97124,8,America/Los_Angeles,Hillsboro,OR
97125,8,America/Los_Angeles,Manning,OR
97127,8,America/Los_Angeles,Lafayette,OR
97128,8,America/Los_Angeles,Mcminnville,OR
97129,8,America/Los_Angeles,Hillsboro,OR
97130,8,America/Los_Angeles,Manzanita,OR
97131,8,America/Los_Angeles,Nehalem,OR
97132,8,America/Los_Angeles,Newberg,OR
97133,8,America/Los_Angeles,North Plains,OR
97134,8,America/Los_Angeles,Oceanside,OR
97135,8,America/Los_Angeles,Pacific City,OR
97136,8,America/Los_Angeles,Rockaway Beach,OR
97137,8,America/Los_Angeles,Saint Paul,OR
97138,8,America/Los_Angeles,Seaside,OR
97140,8,America/Los_Angeles,Sherwood,OR
97141,8,America/Los_Angeles,Tillamook,OR
97143,8,America/Los_Angeles,Netarts,OR
97144,8,America/Los_Angeles,Timber,OR
97145,8,America/Los_Angeles,Tolovana Park,OR
97146,8,America/Los_Angeles,Warrenton,OR
97147,8,America/Los_Angeles,Wheeler,OR
97148,8,America/Los_Angeles,Yamhill,OR
97149,8,America/Los_Angeles,Neskowin,OR
97201,8,America/Los_Angeles,Portland,OR
97202,8,America/Los_Angeles,Portland,OR
97203,8,America/Los_Angeles,Portland,OR
97204,8,America/Los_Angeles,Portland,OR
97205,8,America/Los_Angeles,Portland,OR
97206,8,America/Los_Angeles,Portland,OR
97207,8,America/Los_Angeles,Portland,OR
97208,8,America/Los_Angeles,Portland,OR
97209,8,America/Los_Angeles,Portland,OR
97210,8,America/Los_Angeles,Portland,OR
97211,8,America/Los_Angeles,Portland,OR
97212,8,America/Los_Angeles,Portland,OR
97213,8,America/Los_Angeles,Portland,OR
97214,8,America/Los_Angeles,Portland,OR
97215,8,America/Los_Angeles,Portland,OR
97216,8,America/Los_Angeles,Portland,OR
97217,8,America/Los_Angeles,Portland,OR
97218,8,America/Los_Angeles,Portland,OR
97219,8,America/Los_Angeles,Portland,OR
97220,8,America/Los_Angeles,Portland,OR
97221,8,America/Los_Angeles,Portland,OR
97222,8,America/Los_Angeles,Portland,OR
97223,8,America/Los_Angeles,Portland,OR
97224,8,America/Los_Angeles,Portland,OR
97225,8,America/Los_Angeles,Portland,OR
97227,8,America/Los_Angeles,Portland,OR
97228,8,America/Los_Angeles,Portland,OR
97229,8,America/Los_Angeles,Portland,OR
97230,8,America/Los_Angeles,Portland,OR
97231,8,America/Los_Angeles,Portland,OR
97232,8,America/Los_Angeles,Portland,OR
97233,8,America/Los_Angeles,Portland,OR
97236,8,America/Los_Angeles,Portland,OR
97238,8,America/Los_Angeles,Portland,OR
97239,8,America/Los_Angeles,Portland,OR
97240,8,America/Los_Angeles,Portland,OR
97242,8,America/Los_Angeles,Portland,OR
97250,8,America/Los_Angeles,Beaverton,OR
97251,8,America/Los_Angeles,Portland,OR
97252,8,America/Los_Angeles,Portland,OR
97253,8,America/Los_Angeles,Portland,OR
97254,8,America/Los_Angeles,Portland,OR
97255,8,America/Los_Angeles,Portland,OR
97256,8,America/Los_Angeles,Portland,OR
97258,8,America/Los_Angeles,Portland,OR
97259,8,America/Los_Angeles,Portland,OR
97266,8,America/Los_Angeles,Portland,OR
97267,8,America/Los_Angeles,Portland,OR
97268,8,America/Los_Angeles,Portland,OR
97269,8,America/Los_Angeles,Portland,OR
97271,8,America/Los_Angeles,Portland,OR
97272,8,America/Los_Angeles,Portland,OR
97280,8,America/Los_Angeles,Portland,OR
97281,8,America/Los_Angeles,Portland,OR
97282,8,America/Los_Angeles,Portland,OR
97283,8,America/Los_Angeles,Portland,OR
97286,8,America/Los_Angeles,Portland,OR
97290,8,America/Los_Angeles,Portland,OR
97291,8,America/Los_Angeles,Portland,OR
97292,8,America/Los_Angeles,Portland,OR
97293,8,America/Los_Angeles,Portland,OR
97294,8,America/Los_Angeles,Portland,OR
97296,8,America/Los_Angeles,Portland,OR
97298,8,America/Los_Angeles,Portland,OR
97299,8,America/Los_Angeles,Portland,OR
97301,8,America/Los_Angeles,Salem,OR
97302,8,America/Los_Angeles,Salem,OR
97303,8,America/Los_Angeles,Salem,OR
97304,8,America/Los_Angeles,Salem,OR
97305,8,America/Los_Angeles,Salem,OR
97306,8,America/Los_Angeles,Salem,OR
97307,8,America/Los_Angeles,Keizer,OR
97308,8,America/Los_Angeles,Salem,OR
97309,8,America/Los_Angeles,Salem,OR
97310,8,America/Los_Angeles,Salem,OR
97311,8,America/Los_Angeles,Salem,OR
97312,8,America/Los_Angeles,Salem,OR
97313,8,America/Los_Angeles,Salem,OR
97314,8,America/Los_Angeles,Salem,OR
97317,8,America/Los_Angeles,Salem,OR
97321,8,America/Los_Angeles,Albany,OR
97322,8,America/Los_Angeles,Albany,OR
97324,8,America/Los_Angeles,Alsea,OR
97325,8,America/Los_Angeles,Aumsville,OR
97326,8,America/Los_Angeles,Blodgett,OR
97327,8,America/Los_Angeles,Brownsville,OR
97329,8,America/Los_Angeles,Cascadia,OR
97330,8,America/Los_Angeles,Corvallis,OR
97331,8,America/Los_Angeles,Corvallis,OR
97333,8,America/Los_Angeles,Corvallis,OR
97335,8,America/Los_Angeles,Crabtree,OR
97336,8,America/Los_Angeles,Crawfordsville,OR
97338,8,America/Los_Angeles,Dallas,OR
97339,8,America/Los_Angeles,Corvallis,OR
97341,8,America/Los_Angeles,Depoe Bay,OR
97342,8,America/Los_Angeles,Detroit,OR
97343,8,America/Los_Angeles,Eddyville,OR
97344,8,America/Los_Angeles,Falls City,OR
97345,8,America/Los_Angeles,Foster,OR
97346,8,America/Los_Angeles,Gates,OR
97347,8,America/Los_Angeles,Grand Ronde,OR
97348,8,America/Los_Angeles,Halsey,OR
97350,8,America/Los_Angeles,Idanha,OR
97351,8,America/Los_Angeles,Independence,OR
97352,8,America/Los_Angeles,Jefferson,OR
97355,8,America/Los_Angeles,Lebanon,OR
97357,8,America/Los_Angeles,Logsden,OR
97358,8,America/Los_Angeles,Lyons,OR
97360,8,America/Los_Angeles,Mill City,OR
97361,8,America/Los_Angeles,Monmouth,OR
97362,8,America/Los_Angeles,Mount Angel,OR
97364,8,America/Los_Angeles,Neotsu,OR
97365,8,America/Los_Angeles,Newport,OR
97366,8,America/Los_Angeles,South Beach,OR
97367,8,America/Los_Angeles,Lincoln City,OR
97368,8,America/Los_Angeles,Otis,OR
97369,8,America/Los_Angeles,Otter Rock,OR
97370,8,America/Los_Angeles,Philomath,OR
97371,8,America/Los_Angeles,Rickreall,OR
97372,8,America/Los_Angeles,Rose Lodge,OR
97373,8,America/Los_Angeles,Saint Benedict,OR
97374,8,America/Los_Angeles,Scio,OR
97375,8,America/Los_Angeles,Scotts Mills,OR
97376,8,America/Los_Angeles,Seal Rock,OR
97377,8,America/Los_Angeles,Shedd,OR
97378,8,America/Los_Angeles,Sheridan,OR
97380,8,America/Los_Angeles,Siletz,OR
97381,8,America/Los_Angeles,Silverton,OR
97383,8,America/Los_Angeles,Stayton,OR
97384,8,America/Los_Angeles,Mehama,OR
97385,8,America/Los_Angeles,Sublimity,OR
97386,8,America/Los_Angeles,Sweet Home,OR
97388,8,America/Los_Angeles,Gleneden Beach,OR
97389,8,America/Los_Angeles,Tangent,OR
97390,8,America/Los_Angeles,Tidewater,OR
97391,8,America/Los_Angeles,Toledo,OR
97392,8,America/Los_Angeles,Turner,OR
97394,8,America/Los_Angeles,Waldport,OR
97396,8,America/Los_Angeles,Willamina,OR
97401,8,America/Los_Angeles,Eugene,OR
97402,8,America/Los_Angeles,Eugene,OR
97403,8,America/Los_Angeles,Eugene,OR
97404,8,America/Los_Angeles,Eugene,OR
97405,8,America/Los_Angeles,Eugene,OR
97406,8,America/Los_Angeles,Agness,OR
97407,8,America/Los_Angeles,Allegany,OR
97408,8,America/Los_Angeles,Eugene,OR
97409,8,America/Los_Angeles,Alvadore,OR
97410,8,America/Los_Angeles,Azalea,OR
97411,8,America/Los_Angeles,Bandon,OR
97412,8,America/Los_Angeles,Blachly,OR
97413,8,America/Los_Angeles,Blue River,OR
97414,8,America/Los_Angeles,Broadbent,OR
97415,8,America/Los_Angeles,Brookings,OR
97416,8,America/Los_Angeles,Camas Valley,OR
97417,8,America/Los_Angeles,Canyonville,OR
97419,8,America/Los_Angeles,Cheshire,OR
97420,8,America/Los_Angeles,Coos Bay,OR
97423,8,America/Los_Angeles,Coquille,OR
97424,8,America/Los_Angeles,Cottage Grove,OR
97425,8,America/Los_Angeles,Crescent Lake,OR
97426,8,America/Los_Angeles,Creswell,OR
97427,8,America/Los_Angeles,Culp Creek,OR
97428,8,America/Los_Angeles,Curtin,OR
97429,8,America/Los_Angeles,Days Creek,OR
97430,8,America/Los_Angeles,Deadwood,OR
97431,8,America/Los_Angeles,Dexter,OR
97432,8,America/Los_Angeles,Dillard,OR
97434,8,America/Los_Angeles,Dorena,OR
97435,8,America/Los_Angeles,Drain,OR
97436,8,America/Los_Angeles,Elkton,OR
97437,8,America/Los_Angeles,Elmira,OR
97438,8,America/Los_Angeles,Fall Creek,OR
97439,8,America/Los_Angeles,Florence,OR
97440,8,America/Los_Angeles,Eugene,OR
97441,8,America/Los_Angeles,Gardiner,OR
97442,8,America/Los_Angeles,Glendale,OR
97443,8,America/Los_Angeles,Glide,OR
97444,8,America/Los_Angeles,Gold Beach,OR
97446,8,America/Los_Angeles,Harrisburg,OR
97447,8,America/Los_Angeles,Idleyld Park,OR
97448,8,America/Los_Angeles,Junction City,OR
97449,8,America/Los_Angeles,Lakeside,OR
97450,8,America/Los_Angeles,Langlois,OR
97451,8,America/Los_Angeles,Lorane,OR
97452,8,America/Los_Angeles,Lowell,OR
97453,8,America/Los_Angeles,Mapleton,OR
97454,8,America/Los_Angeles,Marcola,OR
97455,8,America/Los_Angeles,Pleasant Hill,OR
97456,8,America/Los_Angeles,Monroe,OR
97457,8,America/Los_Angeles,Myrtle Creek,OR
97458,8,America/Los_Angeles,Myrtle Point,OR
97459,8,America/Los_Angeles,North Bend,OR
97461,8,America/Los_Angeles,Noti,OR
97462,8,America/Los_Angeles,Oakland,OR
97463,8,America/Los_Angeles,Oakridge,OR
97464,8,America/Los_Angeles,Ophir,OR
97465,8,America/Los_Angeles,Port Orford,OR
97466,8,America/Los_Angeles,Powers,OR
97467,8,America/Los_Angeles,Reedsport,OR
97469,8,America/Los_Angeles,Riddle,OR
97470,8,America/Los_Angeles,Roseburg,OR
97471,8,America/Los_Angeles,Roseburg,OR
97472,8,America/Los_Angeles,Cottage Grove,OR
97473,8,America/Los_Angeles,Scottsburg,OR
97475,8,America/Los_Angeles,Springfield,OR
97476,8,America/Los_Angeles,Sixes,OR
97477,8,America/Los_Angeles,Springfield,OR
97478,8,America/Los_Angeles,Springfield,OR
97479,8,America/Los_Angeles,Sutherlin,OR
97480,8,America/Los_Angeles,Swisshome,OR
97481,8,America/Los_Angeles,Tenmile,OR
97482,8,America/Los_Angeles,Thurston,OR
97484,8,America/Los_Angeles,Tiller,OR
97486,8,America/Los_Angeles,Umpqua,OR
97487,8,America/Los_Angeles,Veneta,OR
97488,8,America/Los_Angeles,Vida,OR
97489,8,America/Los_Angeles,Walterville,OR
97490,8,America/Los_Angeles,Walton,OR
97491,8,America/Los_Angeles,Wedderburn,OR
97492,8,America/Los_Angeles,Westfir,OR
97493,8,America/Los_Angeles,Westlake,OR
97494,8,America/Los_Angeles,Wilbur,OR
97495,8,America/Los_Angeles,Winchester,OR
97496,8,America/Los_Angeles,Winston,OR
97497,8,America/Los_Angeles,Wolf Creek,OR
97498,8,America/Los_Angeles,Yachats,OR
97499,8,America/Los_Angeles,Yoncalla,OR
97501,8,America/Los_Angeles,Medford,OR
97502,8,America/Los_Angeles,Central Point,OR
97503,8,America/Los_Angeles,White City,OR
97504,8,America/Los_Angeles,Medford,OR
97520,8,America/Los_Angeles,Ashland,OR
97522,8,America/Los_Angeles,Butte Falls,OR
97523,8,America/Los_Angeles,Cave Junction,OR
97524,8,America/Los_Angeles,Eagle Point,OR
97525,8,America/Los_Angeles,Gold Hill,OR
97526,8,America/Los_Angeles,Grants Pass,OR
97527,8,America/Los_Angeles,Grants Pass,OR
97528,8,America/Los_Angeles,Grants Pass,OR
97530,8,America/Los_Angeles,Jacksonville,OR
97531,8,America/Los_Angeles,Kerby,OR
97532,8,America/Los_Angeles,Merlin,OR
97533,8,America/Los_Angeles,Murphy,OR
97534,8,America/Los_Angeles,O Brien,OR
97535,8,America/Los_Angeles,Phoenix,OR
97536,8,America/Los_Angeles,Prospect,OR
97537,8,America/Los_Angeles,Rogue River,OR
97538,8,America/Los_Angeles,Selma,OR
97539,8,America/Los_Angeles,Shady Cove,OR
97540,8,America/Los_Angeles,Talent,OR
97541,8,America/Los_Angeles,Trail,OR
97543,8,America/Los_Angeles,Wilderville,OR
97544,8,America/Los_Angeles,Williams,OR
97601,8,America/Los_Angeles,Klamath Falls,OR
97602,8,America/Los_Angeles,Klamath Falls,OR
97603,8,America/Los_Angeles,Klamath Falls,OR
97604,8,America/Los_Angeles,Crater Lake,OR
97620,8,America/Los_Angeles,Adel,OR
97621,8,America/Los_Angeles,Beatty,OR
97622,8,America/Los_Angeles,Bly,OR
97623,8,America/Los_Angeles,Bonanza,OR
97624,8,America/Los_Angeles,Chiloquin,OR
97625,8,America/Los_Angeles,Dairy,OR
97626,8,America/Los_Angeles,Fort Klamath,OR
97627,8,America/Los_Angeles,Keno,OR
97630,8,America/Los_Angeles,Lakeview,OR
97632,8,America/Los_Angeles,Malin,OR
97633,8,America/Los_Angeles,Merrill,OR
97634,8,America/Los_Angeles,Midland,OR
97635,8,America/Los_Angeles,New Pine Creek,OR
97636,8,America/Los_Angeles,Paisley,OR
97637,8,America/Los_Angeles,Plush,OR
97638,8,America/Los_Angeles,Silver Lake,OR
97639,8,America/Los_Angeles,Sprague River,OR
97640,8,America/Los_Angeles,Summer Lake,OR
97641,8,America/Los_Angeles,Christmas Valley,OR
97701,8,America/Los_Angeles,Bend,OR
97702,8,America/Los_Angeles,Bend,OR
97703,8,America/Los_Angeles,Bend,OR
97707,8,America/Los_Angeles,Bend,OR
97708,8,America/Los_Angeles,Bend,OR
97709,8,America/Los_Angeles,Bend,OR
97710,8,America/Los_Angeles,Fields,OR
97711,8,America/Los_Angeles,Ashwood,OR
97712,8,America/Los_Angeles,Brothers,OR
97720,8,America/Los_Angeles,Burns,OR
97721,8,America/Los_Angeles,Princeton,OR
97722,8,America/Los_Angeles,Diamond,OR
97730,8,America/Los_Angeles,Camp Sherman,OR
97731,8,America/Los_Angeles,Chemult,OR
97732,8,America/Los_Angeles,Crane,OR
97733,8,America/Los_Angeles,Crescent,OR
97734,8,America/Los_Angeles,Culver,OR
97735,8,America/Los_Angeles,Fort Rock,OR
97736,8,America/Los_Angeles,Frenchglen,OR
97737,8,America/Los_Angeles,Gilchrist,OR
97738,8,America/Los_Angeles,Hines,OR
97739,8,America/Los_Angeles,La Pine,OR
97741,8,America/Los_Angeles,Madras,OR
97750,8,America/Los_Angeles,Mitchell,OR
97751,8,America/Los_Angeles,Paulina,OR
97752,8,America/Los_Angeles,Post,OR
97753,8,America/Los_Angeles,Powell Butte,OR
97754,8,America/Los_Angeles,Prineville,OR
97756,8,America/Los_Angeles,Redmond,OR
97758,8,America/Los_Angeles,Riley,OR
97759,8,America/Los_Angeles,Sisters,OR
97760,8,America/Los_Angeles,Terrebonne,OR
97761,8,America/Los_Angeles,Warm Springs,OR
97801,8,America/Los_Angeles,Pendleton,OR
97810,8,America/Los_Angeles,Adams,OR
97812,8,America/Los_Angeles,Arlington,OR
97813,8,America/Los_Angeles,Athena,OR
97814,8,America/Los_Angeles,Baker City,OR
97817,8,America/Los_Angeles,Bates,OR
97818,8,America/Los_Angeles,Boardman,OR
97819,8,America/Los_Angeles,Bridgeport,OR
97820,8,America/Los_Angeles,Canyon City,OR
97823,8,America/Los_Angeles,Condon,OR
97824,8,America/Los_Angeles,Cove,OR
97825,8,America/Los_Angeles,Dayville,OR
97826,8,America/Los_Angeles,Echo,OR
97827,8,America/Los_Angeles,Elgin,OR
97828,8,America/Los_Angeles,Enterprise,OR
97830,8,America/Los_Angeles,Fossil,OR
97833,8,America/Los_Angeles,Haines,OR
97834,8,America/Los_Angeles,Halfway,OR
97835,8,America/Los_Angeles,Helix,OR
97836,8,America/Los_Angeles,Heppner,OR
97837,8,America/Los_Angeles,Hereford,OR
97838,8,America/Los_Angeles,Hermiston,OR
97839,8,America/Los_Angeles,Lexington,OR
97840,8,America/Los_Angeles,Oxbow,OR
97841,8,America/Los_Angeles,Imbler,OR
97842,8,America/Los_Angeles,Imnaha,OR
97843,8,America/Los_Angeles,Ione,OR
97844,8,America/Los_Angeles,Irrigon,OR
97845,8,America/Los_Angeles,John Day,OR
97846,8,America/Los_Angeles,Joseph,OR
97848,8,America/Los_Angeles,Kimberly,OR
97850,8,America/Los_Angeles,La Grande,OR
97856,8,America/Los_Angeles,Long Creek,OR
97857,8,America/Los_Angeles,Lostine,OR
97859,8,America/Los_Angeles,Meacham,OR
97861,8,America/Los_Angeles,Mikkalo,OR
97862,8,America/Los_Angeles,Milton Freewater,OR
97864,8,America/Los_Angeles,Monument,OR
97865,8,America/Los_Angeles,Mount Vernon,OR
97867,8,America/Los_Angeles,North Powder,OR
97868,8,America/Los_Angeles,Pilot Rock,OR
97869,8,America/Los_Angeles,Prairie City,OR
97870,8,America/Los_Angeles,Richland,OR
97873,8,America/Los_Angeles,Seneca,OR
97874,8,America/Los_Angeles,Spray,OR
97875,8,America/Los_Angeles,Stanfield,OR
97876,8,America/Los_Angeles,Summerville,OR
97877,8,America/Los_Angeles,Sumpter,OR
97880,8,America/Los_Angeles,Ukiah,OR
97882,8,America/Los_Angeles,Umatilla,OR
97883,8,America/Los_Angeles,Union,OR
97884,8,America/Los_Angeles,Unity,OR
97885,8,America/Los_Angeles,Wallowa,OR
97886,8,America/Los_Angeles,Weston,OR
97901,7,America/Boise,Adrian,OR
97902,7,America/Boise,Arock,OR
97903,7,America/Boise,Brogan,OR
97904,8,America/Los_Angeles,Drewsey,OR
97905,8,America/Los_Angeles,Durkee,OR
97906,7,America/Boise,Harper,OR
97907,8,America/Los_Angeles,Huntington,OR
97908,7,America/Boise,Ironside,OR
97909,7,America/Boise,Jamieson,OR
97910,7,America/Boise,Jordan Valley,OR
97911,7,America/Boise,Juntura,OR
97913,7,America/Boise,Nyssa,OR
97914,7,America/Boise,Ontario,OR
97917,7,America/Boise,Riverside,OR
97918,7,America/Boise,Vale,OR
97920,7,America/Boise,Westfall,OR
98001,8,America/Los_Angeles,Auburn,WA
98002,8,America/Los_Angeles,Auburn,WA
98003,8,America/Los_Angeles,Federal Way,WA
98004,8,America/Los_Angeles,Bellevue,WA
98005,8,America/Los_Angeles,Bellevue,WA
98006,8,America/Los_Angeles,Bellevue,WA
98007,8,America/Los_Angeles,Bellevue,WA
98008,8,America/Los_Angeles,Bellevue,WA
98009,8,America/Los_Angeles,Bellevue,WA
98010,8,America/Los_Angeles,Black Diamond,WA
98011,8,America/Los_Angeles,Bothell,WA
98012,8,America/Los_Angeles,Bothell,WA
98013,8,America/Los_Angeles,Burton,WA
98014,8,America/Los_Angeles,Carnation,WA
98015,8,America/Los_Angeles,Bellevue,WA
98019,8,America/Los_Angeles,Duvall,WA
98020,8,America/Los_Angeles,Edmonds,WA
98021,8,America/Los_Angeles,Bothell,WA
98022,8,America/Los_Angeles,Enumclaw,WA
98023,8,America/Los_Angeles,Federal Way,WA
98024,8,America/Los_Angeles,Fall City,WA
98025,8,America/Los_Angeles,Hobart,WA
98026,8,America/Los_Angeles,Edmonds,WA
98027,8,America/Los_Angeles,Issaquah,WA
98028,8,America/Los_Angeles,Kenmore,WA
98029,8,America/Los_Angeles,Issaquah,WA
98030,8,America/Los_Angeles,Kent,WA
98031,8,America/Los_Angeles,Kent,WA
98032,8,America/Los_Angeles,Kent,WA
98033,8,America/Los_Angeles,Kirkland,WA
98034,8,America/Los_Angeles,Kirkland,WA
98035,8,America/Los_Angeles,Kent,WA
98036,8,America/Los_Angeles,Lynnwood,WA
98037,8,America/Los_Angeles,Lynnwood,WA
98038,8,America/Los_Angeles,Maple Valley,WA
98039,8,America/Los_Angeles,Medina,WA
98040,8,America/Los_Angeles,Mercer Island,WA
98041,8,America/Los_Angeles,Bothell,WA
98042,8,America/Los_Angeles,Kent,WA
98043,8,America/Los_Angeles,Mountlake Terrace,WA
98045,8,America/Los_Angeles,North Bend,WA
98046,8,America/Los_Angeles,Lynnwood,WA
98047,8,America/Los_Angeles,Pacific,WA
98050,8,America/Los_Angeles,Preston,WA
98051,8,America/Los_Angeles,Ravensdale,WA
98052,8,America/Los_Angeles,Redmond,WA
98053,8,America/Los_Angeles,Redmond,WA
98054,8,America/Los_Angeles,Redondo,WA
98055,8,America/Los_Angeles,Renton,WA
98056,8,America/Los_Angeles,Renton,WA
98057,8,America/Los_Angeles,Renton,WA
98058,8,America/Los_Angeles,Renton,WA
98059,8,America/Los_Angeles,Renton,WA
98061,8,America/Los_Angeles,Rollingbay,WA
98062,8,America/Los_Angeles,Seahurst,WA
98063,8,America/Los_Angeles,Federal Way,WA
98064,8,America/Los_Angeles,Kent,WA
98065,8,America/Los_Angeles,Snoqualmie,WA
98068,8,America/Los_Angeles,Snoqualmie Pass,WA
98070,8,America/Los_Angeles,Vashon,WA
98071,8,America/Los_Angeles,Auburn,WA
98072,8,America/Los_Angeles,Woodinville,WA
98073,8,America/Los_Angeles,Redmond,WA
98074,8,America/Los_Angeles,Sammamish,WA
98075,8,America/Los_Angeles,Sammamish,WA
98077,8,America/Los_Angeles,Woodinville,WA
98082,8,America/Los_Angeles,Mill Creek,WA
98083,8,America/Los_Angeles,Kirkland,WA
98087,8,America/Los_Angeles,Lynnwood,WA
98089,8,America/Los_Angeles,Kent,WA
98092,8,America/Los_Angeles,Auburn,WA
98093,8,America/Los_Angeles,Federal Way,WA
98101,8,America/Los_Angeles,Seattle,WA
98102,8,America/Los_Angeles,Seattle,WA
98103,8,America/Los_Angeles,Seattle,WA
98104,8,America/Los_Angeles,Seattle,WA
98105,8,America/Los_Angeles,Seattle,WA
98106,8,America/Los_Angeles,Seattle,WA
98107,8,America/Los_Angeles,Seattle,WA
98108,8,America/Los_Angeles,Seattle,WA
98109,8,America/Los_Angeles,Seattle,WA
98110,8,America/Los_Angeles,Bainbridge Island,WA
98111,8,America/Los_Angeles,Seattle,WA
98112,8,America/Los_Angeles,Seattle,WA
98113,8,America/Los_Angeles,Seattle,WA
98114,8,America/Los_Angeles,Seattle,WA
98115,8,America/Los_Angeles,Seattle,WA
98116,8,America/Los_Angeles,Seattle,WA
98117,8,America/Los_Angeles,Seattle,WA
98118,8,America/Los_Angeles,Seattle,WA
98119,8,America/Los_Angeles,Seattle,WA
98121,8,America/Los_Angeles,Seattle,WA
98122,8,America/Los_Angeles,Seattle,WA
98124,8,America/Los_Angeles,Seattle,WA
98125,8,America/Los_Angeles,Seattle,WA
98126,8,America/Los_Angeles,Seattle,WA
98127,8,America/Los_Angeles,Seattle,WA
98129,8,America/Los_Angeles,Seattle,WA
98131,8,America/Los_Angeles,Seattle,WA
98132,8,America/Los_Angeles,Seattle,WA
98133,8,America/Los_Angeles,Seattle,WA
98134,8,America/Los_Angeles,Seattle,WA
98136,8,America/Los_Angeles,Seattle,WA
98138,8,America/Los_Angeles,Seattle,WA
98139,8,America/Los_Angeles,Seattle,WA
98141,8,America/Los_Angeles,Seattle,WA
98144,8,America/Los_Angeles,Seattle,WA
98145,8,America/Los_Angeles,Seattle,WA
98146,8,America/Los_Angeles,Seattle,WA
98148,8,America/Los_Angeles,Seattle,WA
98151,8,America/Los_Angeles,Seattle,WA
98154,8,America/Los_Angeles,Seattle,WA
98155,8,America/Los_Angeles,Seattle,WA
98158,8,America/Los_Angeles,Seattle,WA
98160,8,America/Los_Angeles,Seattle,WA
98161,8,America/Los_Angeles,Seattle,WA
98164,8,America/Los_Angeles,Seattle,WA
98165,8,America/Los_Angeles,Seattle,WA
98166,8,America/Los_Angeles,Seattle,WA
98168,8,America/Los_Angeles,Seattle,WA
98170,8,America/Los_Angeles,Seattle,WA
98171,8,America/Los_Angeles,Seattle,WA
98174,8,America/Los_Angeles,Seattle,WA
98175,8,America/Los_Angeles,Seattle,WA
98177,8,America/Los_Angeles,Seattle,WA
98178,8,America/Los_Angeles,Seattle,WA
98181,8,America/Los_Angeles,Seattle,WA
98184,8,America/Los_Angeles,Seattle,WA
98185,8,America/Los_Angeles,Seattle,WA
98188,8,America/Los_Angeles,Seattle,WA
98189,8,America/Los_Angeles,Seattle,WA
98190,8,America/Los_Angeles,Seattle,WA
98191,8,America/Los_Angeles,Seattle,WA
98194,8,America/Los_Angeles,Seattle,WA
98195,8,America/Los_Angeles,Seattle,WA
98198,8,America/Los_Angeles,Seattle,WA
98199,8,America/Los_Angeles,Seattle,WA
98201,8,America/Los_Angeles,Everett,WA
98203,8,America/Los_Angeles,Everett,WA
98204,8,America/Los_Angeles,Everett,WA
98205,8,America/Los_Angeles,Everett,WA
98206,8,America/Los_Angeles,Everett,WA
98207,8,America/Los_Angeles,Everett,WA
98208,8,America/Los_Angeles,Everett,WA
98213,8,America/Los_Angeles,Everett,WA
98220,8,America/Los_Angeles,Acme,WA
98221,8,America/Los_Angeles,Anacortes,WA
98222,8,America/Los_Angeles,Blakely Island,WA
98223,8,America/Los_Angeles,Arlington,WA
98224,8,America/Los_Angeles,Baring,WA
98225,8,America/Los_Angeles,Bellingham,WA
98226,8,America/Los_Angeles,Bellingham,WA
98227,8,America/Los_Angeles,Bellingham,WA
98228,8,America/Los_Angeles,Bellingham,WA
98229,8,America/Los_Angeles,Bellingham,WA
98230,8,America/Los_Angeles,Blaine,WA
98231,8,America/Los_Angeles,Blaine,WA
98232,8,America/Los_Angeles,Bow,WA
98233,8,America/Los_Angeles,Burlington,WA
98235,8,America/Los_Angeles,Clearlake,WA
98236,8,America/Los_Angeles,Clinton,WA
98237,8,America/Los_Angeles,Concrete,WA
98238,8,America/Los_Angeles,Conway,WA
98239,8,America/Los_Angeles,Coupeville,WA
98240,8,America/Los_Angeles,Custer,WA
98241,8,America/Los_Angeles,Darrington,WA
98243,8,America/Los_Angeles,Deer Harbor,WA
98244,8,America/Los_Angeles,Deming,WA
98245,8,America/Los_Angeles,Eastsound,WA
98247,8,America/Los_Angeles,Everson,WA
98248,8,America/Los_Angeles,Ferndale,WA
98249,8,America/Los_Angeles,Freeland,WA
98250,8,America/Los_Angeles,Friday Harbor,WA
98251,8,America/Los_Angeles,Gold Bar,WA
98252,8,America/Los_Angeles,Granite Falls,WA
98253,8,America/Los_Angeles,Greenbank,WA
98255,8,America/Los_Angeles,Hamilton,WA
98256,8,America/Los_Angeles,Index,WA
98257,8,America/Los_Angeles,La Conner,WA
98258,8,America/Los_Angeles,Lake Stevens,WA
98259,8,America/Los_Angeles,North Lakewood,WA
98260,8,America/Los_Angeles,Langley,WA
98261,8,America/Los_Angeles,Lopez Island,WA
98262,8,America/Los_Angeles,Lummi Island,WA
98263,8,America/Los_Angeles,Lyman,WA
98264,8,America/Los_Angeles,Lynden,WA
98266,8,America/Los_Angeles,Maple Falls,WA
98267,8,America/Los_Angeles,Marblemount,WA
98270,8,America/Los_Angeles,Marysville,WA
98271,8,America/Los_Angeles,Marysville,WA
98272,8,America/Los_Angeles,Monroe,WA
98273,8,America/Los_Angeles,Mount Vernon,WA
98274,8,America/Los_Angeles,Mount Vernon,WA
98275,8,America/Los_Angeles,Mukilteo,WA
98276,8,America/Los_Angeles,Nooksack,WA
98277,8,America/Los_Angeles,Oak Harbor,WA
98278,8,America/Los_Angeles,Oak Harbor,WA
98279,8,America/Los_Angeles,Olga,WA
98280,8,America/Los_Angeles,Orcas,WA
98281,8,America/Los_Angeles,Point Roberts,WA
98282,8,America/Los_Angeles,Camano Island,WA
98283,8,America/Los_Angeles,Rockport,WA
98284,8,America/Los_Angeles,Sedro Woolley,WA
98286,8,America/Los_Angeles,Shaw Island,WA
98287,8,America/Los_Angeles,Silvana,WA
98288,8,America/Los_Angeles,Skykomish,WA
98290,8,America/Los_Angeles,Snohomish,WA
98291,8,America/Los_Angeles,Snohomish,WA
98292,8,America/Los_Angeles,Stanwood,WA
98293,8,America/Los_Angeles,Startup,WA
98294,8,America/Los_Angeles,Sultan,WA
98295,8,America/Los_Angeles,Sumas,WA
98296,8,America/Los_Angeles,Snohomish,WA
98297,8,America/Los_Angeles,Waldron,WA
98303,8,America/Los_Angeles,Anderson Island,WA
98304,8,America/Los_Angeles,Ashford,WA
98305,8,America/Los_Angeles,Beaver,WA
98310,8,America/Los_Angeles,Bremerton,WA
98311,8,America/Los_Angeles,Bremerton,WA
98312,8,America/Los_Angeles,Bremerton,WA
98314,8,America/Los_Angeles,Bremerton,WA
98315,8,America/Los_Angeles,Silverdale,WA
98320,8,America/Los_Angeles,Brinnon,WA
98321,8,America/Los_Angeles,Buckley,WA
98322,8,America/Los_Angeles,Burley,WA
98323,8,America/Los_Angeles,Carbonado,WA
98324,8,America/Los_Angeles,Carlsborg,WA
98325,8,America/Los_Angeles,Chimacum,WA
98326,8,America/Los_Angeles,Clallam Bay,WA
98327,8,America/Los_Angeles,Dupont,WA
98328,8,America/Los_Angeles,Eatonville,WA
98329,8,America/Los_Angeles,Gig Harbor,WA
98330,8,America/Los_Angeles,Elbe,WA
98331,8,America/Los_Angeles,Forks,WA
98332,8,America/Los_Angeles,Gig Harbor,WA
98333,8,America/Los_Angeles,Fox Island,WA
98335,8,America/Los_Angeles,Gig Harbor,WA
98336,8,America/Los_Angeles,Glenoma,WA
98337,8,America/Los_Angeles,Bremerton,WA
98338,8,America/Los_Angeles,Graham,WA
98339,8,America/Los_Angeles,Port Hadlock,WA
98340,8,America/Los_Angeles,Hansville,WA
98342,8,America/Los_Angeles,Indianola,WA
98343,8,America/Los_Angeles,Joyce,WA
98344,8,America/Los_Angeles,Kapowsin,WA
98345,8,America/Los_Angeles,Keyport,WA
98346,8,America/Los_Angeles,Kingston,WA
98348,8,America/Los_Angeles,La Grande,WA
98349,8,America/Los_Angeles,Lakebay,WA
98350,8,America/Los_Angeles,La Push,WA
98351,8,America/Los_Angeles,Longbranch,WA
98352,8,America/Los_Angeles,Sumner,WA
98353,8,America/Los_Angeles,Manchester,WA
98354,8,America/Los_Angeles,Milton,WA
98355,8,America/Los_Angeles,Mineral,WA
98356,8,America/Los_Angeles,Morton,WA
98357,8,America/Los_Angeles,Neah Bay,WA
98358,8,America/Los_Angeles,Nordland,WA
98359,8,America/Los_Angeles,Olalla,WA
98360,8,America/Los_Angeles,Orting,WA
98361,8,America/Los_Angeles,Packwood,WA
98362,8,America/Los_Angeles,Port Angeles,WA
98363,8,America/Los_Angeles,Port Angeles,WA
98364,8,America/Los_Angeles,Port Gamble,WA
98365,8,America/Los_Angeles,Port Ludlow,WA
98366,8,America/Los_Angeles,Port Orchard,WA
98367,8,America/Los_Angeles,Port Orchard,WA
98368,8,America/Los_Angeles,Port Townsend,WA
98370,8,America/Los_Angeles,Poulsbo,WA
98371,8,America/Los_Angeles,Puyallup,WA
98372,8,America/Los_Angeles,Puyallup,WA
98373,8,America/Los_Angeles,Puyallup,WA
98374,8,America/Los_Angeles,Puyallup,WA
98375,8,America/Los_Angeles,Puyallup,WA
98376,8,America/Los_Angeles,Quilcene,WA
98377,8,America/Los_Angeles,Randle,WA
98378,8,America/Los_Angeles,Retsil,WA
98380,8,America/Los_Angeles,Seabeck,WA
98381,8,America/Los_Angeles,Sekiu,WA
98382,8,America/Los_Angeles,Sequim,WA
98383,8,America/Los_Angeles,Silverdale,WA
98384,8,America/Los_Angeles,South Colby,WA
98385,8,America/Los_Angeles,South Prairie,WA
98386,8,America/Los_Angeles,Southworth,WA
98387,8,America/Los_Angeles,Spanaway,WA
98388,8,America/Los_Angeles,Steilacoom,WA
98390,8,America/Los_Angeles,Sumner,WA
98391,8,America/Los_Angeles,Bonney Lake,WA
98392,8,America/Los_Angeles,Suquamish,WA
98393,8,America/Los_Angeles,Tracyton,WA
98394,8,America/Los_Angeles,Vaughn,WA
98395,8,America/Los_Angeles,Wauna,WA
98396,8,America/Los_Angeles,Wilkeson,WA
98397,8,America/Los_Angeles,Longmire,WA
98398,8,America/Los_Angeles,Paradise Inn,WA
98401,8,America/Los_Angeles,Tacoma,WA
98402,8,America/Los_Angeles,Tacoma,WA
98403,8,America/Los_Angeles,Tacoma,WA
98404,8,America/Los_Angeles,Tacoma,WA
98405,8,America/Los_Angeles,Tacoma,WA
98406,8,America/Los_Angeles,Tacoma,WA
98407,8,America/Los_Angeles,Tacoma,WA
98408,8,America/Los_Angeles,Tacoma,WA
98409,8,America/Los_Angeles,Tacoma,WA
98411,8,America/Los_Angeles,Tacoma,WA
98412,8,America/Los_Angeles,Tacoma,WA
98413,8,America/Los_Angeles,Tacoma,WA
98415,8,America/Los_Angeles,Tacoma,WA
98416,8,America/Los_Angeles,Tacoma,WA
98417,8,America/Los_Angeles,Tacoma,WA
98418,8,America/Los_Angeles,Tacoma,WA
98419,8,America/Los_Angeles,Tacoma,WA
98421,8,America/Los_Angeles,Tacoma,WA
98422,8,America/Los_Angeles,Tacoma,WA
98424,8,America/Los_Angeles,Tacoma,WA
98430,8,America/Los_Angeles,Camp Murray,WA
98431,8,America/Los_Angeles,Tacoma,WA
98433,8,America/Los_Angeles,Tacoma,WA
98438,8,America/Los_Angeles,Mcchord Afb,WA
98439,8,America/Los_Angeles,Lakewood,WA
98442,8,America/Los_Angeles,Tacoma,WA
98443,8,America/Los_Angeles,Tacoma,WA
98444,8,America/Los_Angeles,Tacoma,WA
98445,8,America/Los_Angeles,Tacoma,WA
98446,8,America/Los_Angeles,Tacoma,WA
98447,8,America/Los_Angeles,Tacoma,WA
98448,8,America/Los_Angeles,Tacoma,WA
98450,8,America/Los_Angeles,Tacoma,WA
98455,8,America/Los_Angeles,Tacoma,WA
98460,8,America/Los_Angeles,Tacoma,WA
98464,8,America/Los_Angeles,Tacoma,WA
98465,8,America/Los_Angeles,Tacoma,WA
98466,8,America/Los_Angeles,Tacoma,WA
98467,8,America/Los_Angeles,University Place,WA
98471,8,America/Los_Angeles,Tacoma,WA
98477,8,America/Los_Angeles,Tacoma,WA
98481,8,America/Los_Angeles,Tacoma,WA
98490,8,America/Los_Angeles,Tacoma,WA
98492,8,America/Los_Angeles,Tacoma,WA
98493,8,America/Los_Angeles,Tacoma,WA
98496,8,America/Los_Angeles,Lakewood,WA
98497,8,America/Los_Angeles,Lakewood,WA
98498,8,America/Los_Angeles,Lakewood,WA
98499,8,America/Los_Angeles,Lakewood,WA
98501,8,America/Los_Angeles,Olympia,WA
98502,8,America/Los_Angeles,Olympia,WA
98503,8,America/Los_Angeles,Lacey,WA
98504,8,America/Los_Angeles,Olympia,WA
98505,8,America/Los_Angeles,Olympia,WA
98506,8,America/Los_Angeles,Olympia,WA
98507,8,America/Los_Angeles,Olympia,WA
98508,8,America/Los_Angeles,Olympia,WA
98509,8,America/Los_Angeles,Lacey,WA
98511,8,America/Los_Angeles,Tumwater,WA
98512,8,America/Los_Angeles,Olympia,WA
98513,8,America/Los_Angeles,Olympia,WA
98516,8,America/Los_Angeles,Olympia,WA
98520,8,America/Los_Angeles,Aberdeen,WA
98522,8,America/Los_Angeles,Adna,WA
98524,8,America/Los_Angeles,Allyn,WA
98526,8,America/Los_Angeles,Amanda Park,WA
98527,8,America/Los_Angeles,Bay Center,WA
98528,8,America/Los_Angeles,Belfair,WA
98530,8,America/Los_Angeles,Bucoda,WA
98531,8,America/Los_Angeles,Centralia,WA
98532,8,America/Los_Angeles,Chehalis,WA
98533,8,America/Los_Angeles,Cinebar,WA
98535,8,America/Los_Angeles,Copalis Beach,WA
98536,8,America/Los_Angeles,Copalis Crossing,WA
98537,8,America/Los_Angeles,Cosmopolis,WA
98538,8,America/Los_Angeles,Curtis,WA
98539,8,America/Los_Angeles,Doty,WA
98540,8,America/Los_Angeles,East Olympia,WA
98541,8,America/Los_Angeles,Elma,WA
98542,8,America/Los_Angeles,Ethel,WA
98544,8,America/Los_Angeles,Galvin,WA
98546,8,America/Los_Angeles,Grapeview,WA
98547,8,America/Los_Angeles,Grayland,WA
98548,8,America/Los_Angeles,Hoodsport,WA
98550,8,America/Los_Angeles,Hoquiam,WA
98552,8,America/Los_Angeles,Humptulips,WA
98554,8,America/Los_Angeles,Lebam,WA
98555,8,America/Los_Angeles,Lilliwaup,WA
98556,8,America/Los_Angeles,Littlerock,WA
98557,8,America/Los_Angeles,Mccleary,WA
98558,8,America/Los_Angeles,Mckenna,WA
98559,8,America/Los_Angeles,Malone,WA
98560,8,America/Los_Angeles,Matlock,WA
98561,8,America/Los_Angeles,Menlo,WA
98562,8,America/Los_Angeles,Moclips,WA
98563,8,America/Los_Angeles,Montesano,WA
98564,8,America/Los_Angeles,Mossyrock,WA
98565,8,America/Los_Angeles,Napavine,WA
98566,8,America/Los_Angeles,Neilton,WA
98568,8,America/Los_Angeles,Oakville,WA
98569,8,America/Los_Angeles,Ocean Shores,WA
98570,8,America/Los_Angeles,Onalaska,WA
98571,8,America/Los_Angeles,Pacific Beach,WA
98572,8,America/Los_Angeles,Pe Ell,WA
98575,8,America/Los_Angeles,Quinault,WA
98576,8,America/Los_Angeles,Rainier,WA
98577,8,America/Los_Angeles,Raymond,WA
98579,8,America/Los_Angeles,Rochester,WA
98580,8,America/Los_Angeles,Roy,WA
98581,8,America/Los_Angeles,Ryderwood,WA
98582,8,America/Los_Angeles,Salkum,WA
98583,8,America/Los_Angeles,Satsop,WA
98584,8,America/Los_Angeles,Shelton,WA
98585,8,America/Los_Angeles,Silver Creek,WA
98586,8,America/Los_Angeles,South Bend,WA
98587,8,America/Los_Angeles,Taholah,WA
98588,8,America/Los_Angeles,Tahuya,WA
98589,8,America/Los_Angeles,Tenino,WA
98590,8,America/Los_Angeles,Tokeland,WA
98591,8,America/Los_Angeles,Toledo,WA
98592,8,America/Los_Angeles,Union,WA
98593,8,America/Los_Angeles,Vader,WA
98595,8,America/Los_Angeles,Westport,WA
98596,8,America/Los_Angeles,Winlock,WA
98597,8,America/Los_Angeles,Yelm,WA
98599,8,America/Los_Angeles,Olympia,WA
98601,8,America/Los_Angeles,Amboy,WA
98602,8,America/Los_Angeles,Appleton,WA
98603,8,America/Los_Angeles,Ariel,WA
98604,8,America/Los_Angeles,Battle Ground,WA
98605,8,America/Los_Angeles,Bingen,WA
98606,8,America/Los_Angeles,Brush Prairie,WA
98607,8,America/Los_Angeles,Camas,WA
98609,8,America/Los_Angeles,Carrolls,WA
98610,8,America/Los_Angeles,Carson,WA
98611,8,America/Los_Angeles,Castle Rock,WA
98612,8,America/Los_Angeles,Cathlamet,WA
98613,8,America/Los_Angeles,Centerville,WA
98614,8,America/Los_Angeles,Chinook,WA
98616,8,America/Los_Angeles,Cougar,WA
98617,8,America/Los_Angeles,Dallesport,WA
98619,8,America/Los_Angeles,Glenwood,WA
98620,8,America/Los_Angeles,Goldendale,WA
98621,8,America/Los_Angeles,Grays River,WA
98622,8,America/Los_Angeles,Heisson,WA
98623,8,America/Los_Angeles,Husum,WA
98624,8,America/Los_Angeles,Ilwaco,WA
98625,8,America/Los_Angeles,Kalama,WA
98626,8,America/Los_Angeles,Kelso,WA
98628,8,America/Los_Angeles,Klickitat,WA
98629,8,America/Los_Angeles,La Center,WA
98631,8,America/Los_Angeles,Long Beach,WA
98632,8,America/Los_Angeles,Longview,WA
98635,8,America/Los_Angeles,Lyle,WA
98637,8,America/Los_Angeles,Nahcotta,WA
98638,8,America/Los_Angeles,Naselle,WA
98639,8,America/Los_Angeles,North Bonneville,WA
98640,8,America/Los_Angeles,Ocean Park,WA
98641,8,America/Los_Angeles,Oysterville,WA
98642,8,America/Los_Angeles,Ridgefield,WA
98643,8,America/Los_Angeles,Rosburg,WA
98644,8,America/Los_Angeles,Seaview,WA
98645,8,America/Los_Angeles,Silverlake,WA
98647,8,America/Los_Angeles,Skamokawa,WA
98648,8,America/Los_Angeles,Stevenson,WA
98649,8,America/Los_Angeles,Toutle,WA
98650,8,America/Los_Angeles,Trout Lake,WA
98651,8,America/Los_Angeles,Underwood,WA
98660,8,America/Los_Angeles,Vancouver,WA
98661,8,America/Los_Angeles,Vancouver,WA
98662,8,America/Los_Angeles,Vancouver,WA
98663,8,America/Los_Angeles,Vancouver,WA
98664,8,America/Los_Angeles,Vancouver,WA
98665,8,America/Los_Angeles,Vancouver,WA
98666,8,America/Los_Angeles,Vancouver,WA
98667,8,America/Los_Angeles,Vancouver,WA
98668,8,America/Los_Angeles,Vancouver,WA
98670,8,America/Los_Angeles,Wahkiacus,WA
98671,8,America/Los_Angeles,Washougal,WA
98672,8,America/Los_Angeles,White Salmon,WA
98673,8,America/Los_Angeles,Wishram,WA
98674,8,America/Los_Angeles,Woodland,WA
98675,8,America/Los_Angeles,Yacolt,WA
98682,8,America/Los_Angeles,Vancouver,WA
98683,8,America/Los_Angeles,Vancouver,WA
98684,8,America/Los_Angeles,Vancouver,WA
98685,8,America/Los_Angeles,Vancouver,WA
98686,8,America/Los_Angeles,Vancouver,WA
98687,8,America/Los_Angeles,Vancouver,WA
98801,8,America/Los_Angeles,Wenatchee,WA
98802,8,America/Los_Angeles,East Wenatchee,WA
98807,8,America/Los_Angeles,Wenatchee,WA
98811,8,America/Los_Angeles,Ardenvoir,WA
98812,8,America/Los_Angeles,Brewster,WA
98813,8,America/Los_Angeles,Bridgeport,WA
98814,8,America/Los_Angeles,Carlton,WA
98815,8,America/Los_Angeles,Cashmere,WA
98816,8,America/Los_Angeles,Chelan,WA
98817,8,America/Los_Angeles,Chelan Falls,WA
98819,8,America/Los_Angeles,Conconully,WA
98821,8,America/Los_Angeles,Dryden,WA
98822,8,America/Los_Angeles,Entiat,WA
98823,8,America/Los_Angeles,Ephrata,WA
98824,8,America/Los_Angeles,George,WA
98826,8,America/Los_Angeles,Leavenworth,WA
98827,8,America/Los_Angeles,Loomis,WA
98828,8,America/Los_Angeles,Malaga,WA
98829,8,America/Los_Angeles,Malott,WA
98830,8,America/Los_Angeles,Mansfield,WA
98831,8,America/Los_Angeles,Manson,WA
98832,8,America/Los_Angeles,Marlin,WA
98833,8,America/Los_Angeles,Mazama,WA
98834,8,America/Los_Angeles,Methow,WA
98836,8,America/Los_Angeles,Monitor,WA
98837,8,America/Los_Angeles,Moses Lake,WA
98840,8,America/Los_Angeles,Okanogan,WA
98841,8,America/Los_Angeles,Omak,WA
98843,8,America/Los_Angeles,Orondo,WA
98844,8,America/Los_Angeles,Oroville,WA
98845,8,America/Los_Angeles,Palisades,WA
98846,8,America/Los_Angeles,Pateros,WA
98847,8,America/Los_Angeles,Peshastin,WA
98848,8,America/Los_Angeles,Quincy,WA
98849,8,America/Los_Angeles,Riverside,WA
98850,8,America/Los_Angeles,Rock Island,WA
98851,8,America/Los_Angeles,Soap Lake,WA
98852,8,America/Los_Angeles,Stehekin,WA
98853,8,America/Los_Angeles,Stratford,WA
98855,8,America/Los_Angeles,Tonasket,WA
98856,8,America/Los_Angeles,Twisp,WA
98857,8,America/Los_Angeles,Warden,WA
98858,8,America/Los_Angeles,Waterville,WA
98859,8,America/Los_Angeles,Wauconda,WA
98860,8,America/Los_Angeles,Wilson Creek,WA
98862,8,America/Los_Angeles,Winthrop,WA
98901,8,America/Los_Angeles,Yakima,WA
98902,8,America/Los_Angeles,Yakima,WA
98903,8,America/Los_Angeles,Yakima,WA
98904,8,America/Los_Angeles,Yakima,WA
98907,8,America/Los_Angeles,Yakima,WA
98908,8,America/Los_Angeles,Yakima,WA
98909,8,America/Los_Angeles,Yakima,WA
98920,8,America/Los_Angeles,Brownstown,WA
98921,8,America/Los_Angeles,Buena,WA
98922,8,America/Los_Angeles,Cle Elum,WA
98923,8,America/Los_Angeles,Cowiche,WA
98925,8,America/Los_Angeles,Easton,WA
98926,8,America/Los_Angeles,Ellensburg,WA
98929,8,America/Los_Angeles,Naches,WA
98930,8,America/Los_Angeles,Grandview,WA
98932,8,America/Los_Angeles,Granger,WA
98933,8,America/Los_Angeles,Harrah,WA
98934,8,America/Los_Angeles,Kittitas,WA
98935,8,America/Los_Angeles,Mabton,WA
98936,8,America/Los_Angeles,Moxee,WA
98937,8,America/Los_Angeles,Naches,WA
98938,8,America/Los_Angeles,Outlook,WA
98939,8,America/Los_Angeles,Parker,WA
98940,8,America/Los_Angeles,Ronald,WA
98941,8,America/Los_Angeles,Roslyn,WA
98942,8,America/Los_Angeles,Selah,WA
98943,8,America/Los_Angeles,South Cle Elum,WA
98944,8,America/Los_Angeles,Sunnyside,WA
98946,8,America/Los_Angeles,Thorp,WA
98947,8,America/Los_Angeles,Tieton,WA
98948,8,America/Los_Angeles,Toppenish,WA
98950,8,America/Los_Angeles,Vantage,WA
98951,8,America/Los_Angeles,Wapato,WA
98952,8,America/Los_Angeles,White Swan,WA
98953,8,America/Los_Angeles,Zillah,WA
99001,8,America/Los_Angeles,Airway Heights,WA
99003,8,America/Los_Angeles,Chattaroy,WA
99004,8,America/Los_Angeles,Cheney,WA
99005,8,America/Los_Angeles,Colbert,WA
99006,8,America/Los_Angeles,Deer Park,WA
99008,8,America/Los_Angeles,Edwall,WA
99009,8,America/Los_Angeles,Elk,WA
99011,8,America/Los_Angeles,Fairchild Air Force Base,WA
99012,8,America/Los_Angeles,Fairfield,WA
99013,8,America/Los_Angeles,Ford,WA
99014,8,America/Los_Angeles,Four Lakes,WA
99016,8,America/Los_Angeles,Greenacres,WA
99017,8,America/Los_Angeles,Lamont,WA
99018,8,America/Los_Angeles,Latah,WA
99019,8,America/Los_Angeles,Liberty Lake,WA
99020,8,America/Los_Angeles,Marshall,WA
99021,8,America/Los_Angeles,Mead,WA
99022,8,America/Los_Angeles,Medical Lake,WA
99023,8,America/Los_Angeles,Mica,WA
99025,8,America/Los_Angeles,Newman Lake,WA
99026,8,America/Los_Angeles,Nine Mile Falls,WA
99027,8,America/Los_Angeles,Otis Orchards,WA
99029,8,America/Los_Angeles,Reardan,WA
99030,8,America/Los_Angeles,Rockford,WA
99031,8,America/Los_Angeles,Spangle,WA
99032,8,America/Los_Angeles,Sprague,WA
99033,8,America/Los_Angeles,Tekoa,WA
99034,8,America/Los_Angeles,Tumtum,WA
99036,8,America/Los_Angeles,Valleyford,WA
99037,8,America/Los_Angeles,Veradale,WA
99039,8,America/Los_Angeles,Waverly,WA
99040,8,America/Los_Angeles,Wellpinit,WA
99101,8,America/Los_Angeles,Addy,WA
99102,8,America/Los_Angeles,Albion,WA
99103,8,America/Los_Angeles,Almira,WA
99104,8,America/Los_Angeles,Belmont,WA
99105,8,America/Los_Angeles,Benge,WA
99107,8,America/Los_Angeles,Boyds,WA
99109,8,America/Los_Angeles,Chewelah,WA
99110,8,America/Los_Angeles,Clayton,WA
99111,8,America/Los_Angeles,Colfax,WA
99113,8,America/Los_Angeles,Colton,WA
99114,8,America/Los_Angeles,Colville,WA
99115,8,America/Los_Angeles,Coulee City,WA
99116,8,America/Los_Angeles,Coulee Dam,WA
99117,8,America/Los_Angeles,Creston,WA
99118,8,America/Los_Angeles,Curlew,WA
99119,8,America/Los_Angeles,Cusick,WA
99121,8,America/Los_Angeles,Danville,WA
99122,8,America/Los_Angeles,Davenport,WA
99123,8,America/Los_Angeles,Electric City,WA
99124,8,America/Los_Angeles,Elmer City,WA
99125,8,America/Los_Angeles,Endicott,WA
99126,8,America/Los_Angeles,Evans,WA
99128,8,America/Los_Angeles,Farmington,WA
99129,8,America/Los_Angeles,Fruitland,WA
99130,8,America/Los_Angeles,Garfield,WA
99131,8,America/Los_Angeles,Gifford,WA
99133,8,America/Los_Angeles,Grand Coulee,WA
99134,8,America/Los_Angeles,Harrington,WA
99135,8,America/Los_Angeles,Hartline,WA
99136,8,America/Los_Angeles,Hay,WA
99137,8,America/Los_Angeles,Hunters,WA
99138,8,America/Los_Angeles,Inchelium,WA
99139,8,America/Los_Angeles,Ione,WA
99140,8,America/Los_Angeles,Keller,WA
99141,8,America/Los_Angeles,Kettle Falls,WA
99143,8,America/Los_Angeles,Lacrosse,WA
99144,8,America/Los_Angeles,Lamona,WA
99146,8,America/Los_Angeles,Laurier,WA
99147,8,America/Los_Angeles,Lincoln,WA
99148,8,America/Los_Angeles,Loon Lake,WA
99149,8,America/Los_Angeles,Malden,WA
99150,8,America/Los_Angeles,Malo,WA
99151,8,America/Los_Angeles,Marcus,WA
99152,8,America/Los_Angeles,Metaline,WA
99153,8,America/Los_Angeles,Metaline Falls,WA
99154,8,America/Los_Angeles,Mohler,WA
99155,8,America/Los_Angeles,Nespelem,WA
99156,8,America/Los_Angeles,Newport,WA
99157,8,America/Los_Angeles,Northport,WA
99158,8,America/Los_Angeles,Oakesdale,WA
99159,8,America/Los_Angeles,Odessa,WA
99160,8,America/Los_Angeles,Orient,WA
99161,8,America/Los_Angeles,Palouse,WA
99163,8,America/Los_Angeles,Pullman,WA
99164,8,America/Los_Angeles,Pullman,WA
99165,8,America/Los_Angeles,Pullman,WA
99166,8,America/Los_Angeles,Republic,WA
99167,8,America/Los_Angeles,Rice,WA
99169,8,America/Los_Angeles,Ritzville,WA
99170,8,America/Los_Angeles,Rosalia,WA
99171,8,America/Los_Angeles,Saint John,WA
99173,8,America/Los_Angeles,Springdale,WA
99174,8,America/Los_Angeles,Steptoe,WA
99176,8,America/Los_Angeles,Thornton,WA
99179,8,America/Los_Angeles,Uniontown,WA
99180,8,America/Los_Angeles,Usk,WA
99181,8,America/Los_Angeles,Valley,WA
99185,8,America/Los_Angeles,Wilbur,WA
99201,8,America/Los_Angeles,Spokane,WA
99202,8,America/Los_Angeles,Spokane,WA
99203,8,America/Los_Angeles,Spokane,WA
99204,8,America/Los_Angeles,Spokane,WA
99205,8,America/Los_Angeles,Spokane,WA
99206,8,America/Los_Angeles,Spokane,WA
99207,8,America/Los_Angeles,Spokane,WA
99208,8,America/Los_Angeles,Spokane,WA
99209,8,America/Los_Angeles,Spokane,WA
99210,8,America/Los_Angeles,Spokane,WA
99211,8,America/Los_Angeles,Spokane,WA
99212,8,America/Los_Angeles,Spokane,WA
99213,8,America/Los_Angeles,Spokane,WA
99214,8,America/Los_Angeles,Spokane,WA
99215,8,America/Los_Angeles,Spokane,WA
99216,8,America/Los_Angeles,Spokane,WA
99217,8,America/Los_Angeles,Spokane,WA
99218,8,America/Los_Angeles,Spokane,WA
99219,8,America/Los_Angeles,Spokane,WA
99220,8,America/Los_Angeles,Spokane,WA
99223,8,America/Los_Angeles,Spokane,WA
99224,8,America/Los_Angeles,Spokane,WA
99228,8,America/Los_Angeles,Spokane,WA
99251,8,America/Los_Angeles,Spokane,WA
99252,8,America/Los_Angeles,Spokane,WA
99256,8,America/Los_Angeles,Spokane,WA
99258,8,America/Los_Angeles,Spokane,WA
99260,8,America/Los_Angeles,Spokane,WA
99299,8,America/Los_Angeles,Spokane,WA
99301,8,America/Los_Angeles,Pasco,WA
99302,8,America/Los_Angeles,Pasco,WA
99320,8,America/Los_Angeles,Benton City,WA
99321,8,America/Los_Angeles,Beverly,WA
99322,8,America/Los_Angeles,Bickleton,WA
99323,8,America/Los_Angeles,Burbank,WA
99324,8,America/Los_Angeles,College Place,WA
99326,8,America/Los_Angeles,Connell,WA
99328,8,America/Los_Angeles,Dayton,WA
99329,8,America/Los_Angeles,Dixie,WA
99330,8,America/Los_Angeles,Eltopia,WA
99333,8,America/Los_Angeles,Hooper,WA
99335,8,America/Los_Angeles,Kahlotus,WA
99336,8,America/Los_Angeles,Kennewick,WA
99337,8,America/Los_Angeles,Kennewick,WA
99338,8,America/Los_Angeles,Kennewick,WA
99341,8,America/Los_Angeles,Lind,WA
99343,8,America/Los_Angeles,Mesa,WA
99344,8,America/Los_Angeles,Othello,WA
99345,8,America/Los_Angeles,Paterson,WA
99346,8,America/Los_Angeles,Plymouth,WA
99347,8,America/Los_Angeles,Pomeroy,WA
99348,8,America/Los_Angeles,Prescott,WA
99349,8,America/Los_Angeles,Mattawa,WA
99350,8,America/Los_Angeles,Prosser,WA
99352,8,America/Los_Angeles,Richland,WA
99353,8,America/Los_Angeles,West Richland,WA
99354,8,America/Los_Angeles,Richland,WA
99356,8,America/Los_Angeles,Roosevelt,WA
99357,8,America/Los_Angeles,Royal City,WA
99359,8,America/Los_Angeles,Starbuck,WA
99360,8,America/Los_Angeles,Touchet,WA
99361,8,America/Los_Angeles,Waitsburg,WA
99362,8,America/Los_Angeles,Walla Walla,WA
99363,8,America/Los_Angeles,Wallula,WA
99371,8,America/Los_Angeles,Washtucna,WA
99401,8,America/Los_Angeles,Anatone,WA
99402,8,America/Los_Angeles,Asotin,WA
99403,8,America/Los_Angeles,Clarkston,WA
99501,9,America/Anchorage,Anchorage,AK
99502,9,America/Anchorage,Anchorage,AK
99503,9,America/Anchorage,Anchorage,AK
99504,9,America/Anchorage,Anchorage,AK
99505,9,America/Anchorage,Jber,AK
99506,9,America/Anchorage,Jber,AK
99507,9,America/Anchorage,Anchorage,AK
99508,9,America/Anchorage,Anchorage,AK
99509,9,America/Anchorage,Anchorage,AK
99510,9,America/Anchorage,Anchorage,AK
99511,9,America/Anchorage,Anchorage,AK
99513,9,America/Anchorage,Anchorage,AK
99514,9,America/Anchorage,Anchorage,AK
99515,9,America/Anchorage,Anchorage,AK
99516,9,America/Anchorage,Anchorage,AK
99517,9,America/Anchorage,Anchorage,AK
99518,9,America/Anchorage,Anchorage,AK
99519,9,America/Anchorage,Anchorage,AK
99520,9,America/Anchorage,Anchorage,AK
99521,9,America/Anchorage,Anchorage,AK
99522,9,America/Anchorage,Anchorage,AK
99523,9,America/Anchorage,Anchorage,AK
99524,9,America/Anchorage,Anchorage,AK
99529,9,America/Anchorage,Anchorage,AK
99530,9,America/Anchorage,Anchorage,AK
99540,9,America/Anchorage,Indian,AK
99545,9,America/Anchorage,Kongiganak,AK
99546,10,America/Adak,Adak,AK
99547,10,America/Adak,Atka,AK
99548,9,America/Anchorage,Chignik Lake,AK
99549,9,America/Anchorage,Port Heiden,AK
99550,9,America/Anchorage,Port Lions,AK
99551,9,America/Anchorage,Akiachak,AK
99552,9,America/Anchorage,Akiak,AK
99553,9,America/Nome,Akutan,AK
99554,9,America/Nome,Alakanuk,AK
99555,9,America/Anchorage,Aleknagik,AK
99556,9,America/Anchorage,Anchor Point,AK
99557,9,America/Anchorage,Aniak,AK
99558,9,America/Anchorage,Anvik,AK
99559,9,America/Anchorage,Bethel,AK
99561,9,America/Nome,Chefornak,AK
99563,9,America/Nome,Chevak,AK
99564,9,America/Anchorage,Chignik,AK
99565,9,America/Anchorage,Chignik Lagoon,AK
99566,9,America/Anchorage,Chitina,AK
99567,9,America/Anchorage,Chugiak,AK
99568,9,America/Anchorage,Clam Gulch,AK
99569,9,America/Anchorage,Clarks Point,AK
99571,9,America/Nome,Cold Bay,AK
99572,9,America/Anchorage,Cooper Landing,AK
99573,9,America/Anchorage,Copper Center,AK
99574,9,America/Anchorage,Cordova,AK
99575,9,America/Anchorage,Crooked Creek,AK
99576,9,America/Anchorage,Dillingham,AK
99577,9,America/Anchorage,Eagle River,AK
99578,9,America/Nome,Eek,AK
99579,9,America/Anchorage,Egegik,AK
99580,9,America/Anchorage,Ekwok,AK
99581,9,America/Nome,Emmonak,AK
99583,9,America/Nome,False Pass,AK
99585,9,America/Nome,Marshall,AK
99586,9,America/Anchorage,Gakona,AK
99587,9,America/Anchorage,Girdwood,AK
99588,9,America/Anchorage,Glennallen,AK
99589,9,America/Anchorage,Goodnews Bay,AK
99590,9,America/Anchorage,Grayling,AK
99591,9,America/Nome,Saint George Island,AK
99599,9,America/Anchorage,Anchorage,AK
99602,9,America/Anchorage,Holy Cross,AK
99603,9,America/Anchorage,Homer,AK
99604,9,America/Nome,Hooper Bay,AK
99605,9,America/Anchorage,Hope,AK
99606,9,America/Anchorage,Iliamna,AK
99607,9,America/Anchorage,Kalskag,AK
99608,9,America/Anchorage,Karluk,AK
99609,9,America/Nome,Kasigluk,AK
99610,9,America/Anchorage,Kasilof,AK
99611,9,America/Anchorage,Kenai,AK
99612,9,America/Nome,King Cove,AK
99613,9,America/Anchorage,King Salmon,AK
99614,9,America/Nome,Kipnuk,AK
99615,9,America/Anchorage,Kodiak,AK
99619,9,America/Anchorage,Kodiak,AK
99620,9,America/Nome,Kotlik,AK
99621,9,America/Anchorage,Kwethluk,AK
99622,9,America/Nome,Kwigillingok,AK
99623,9,America/Anchorage,Wasilla,AK
99624,9,America/Anchorage,Larsen Bay,AK
99625,9,America/Anchorage,Levelock,AK
99626,9,America/Anchorage,Lower Kalskag,AK
99627,9,America/Anchorage,Mc Grath,AK
99628,9,America/Anchorage,Manokotak,AK
99629,9,America/Anchorage,Wasilla,AK
99630,9,America/Nome,Mekoryuk,AK
99631,9,America/Anchorage,Moose Pass,AK
99632,9,America/Nome,Mountain Village,AK
99633,9,America/Anchorage,Naknek,AK
99634,9,Napakiak,Napakiak,AK
99635,9,America/Anchorage,Nikiski,AK
99636,9,America/Anchorage,New Stuyahok,AK
99637,9,America/Nome,Toksook Bay,AK
99638,9,America/Nome,Nikolski,AK
99639,9,America/Anchorage,Ninilchik,AK
99640,9,America/Anchorage,Nondalton,AK
99641,9,America/Nome,Nunapitchuk,AK
99643,9,America/Anchorage,Old Harbor,AK
99644,9,America/Anchorage,Ouzinkie,AK
99645,9,America/Anchorage,Palmer,AK
99647,9,America/Anchorage,Pedro Bay,AK
99648,9,America/Anchorage,Perryville,AK
99649,9,America/Anchorage,Pilot Point,AK
99650,9,America/Nome,Pilot Station,AK
99651,9,America/Anchorage,Platinum,AK
99652,9,America/Anchorage,Big Lake,AK
99653,9,America/Anchorage,Port Alsworth,AK
99654,9,America/Anchorage,Wasilla,AK
99655,9,America/Anchorage,Quinhagak,AK
99656,9,America/Anchorage,Red Devil,AK
99657,9,America/Anchorage,Russian Mission,AK
99658,9,America/Nome,Saint Marys,AK
99659,9,America/Nome,Saint Michael,AK
99660,9,America/Nome,Saint Paul Island,AK
99661,9,America/Anchorage,Sand Point,AK
99662,9,America/Nome,Scammon Bay,AK
99663,9,America/Anchorage,Seldovia,AK
99664,9,America/Anchorage,Seward,AK
99665,9,America/Anchorage,Shageluk,AK
99666,9,America/Nome,Nunam Iqua,AK
99667,9,America/Anchorage,Skwentna,AK
99668,9,America/Anchorage,Sleetmute,AK
99669,9,America/Anchorage,Soldotna,AK
99670,9,America/Anchorage,South Naknek,AK
99671,9,America/Nome,Stebbins,AK
99672,9,America/Anchorage,Sterling,AK
99674,9,America/Anchorage,Sutton,AK
99675,9,America/Anchorage,Takotna,AK
99676,9,America/Anchorage,Talkeetna,AK
99677,9,America/Anchorage,Tatitlek,AK
99678,9,America/Anchorage,Togiak,AK
99679,9,America/Anchorage,Tuluksak,AK
99680,9,America/Nome,Tuntutuliak,AK
99681,9,America/Nome,Tununak,AK
99682,9,America/Anchorage,Tyonek,AK
99683,9,America/Anchorage,Trapper Creek,AK
99684,9,America/Anchorage,Unalakleet,AK
99685,9,America/Nome,Unalaska,AK
99686,9,America/Anchorage,Valdez,AK
99687,9,America/Anchorage,Wasilla,AK
99688,9,America/Anchorage,Willow,AK
99689,9,America/Yakutat,Yakutat,AK
99690,9,America/Nome,Nightmute,AK
99691,9,America/Anchorage,Nikolai,AK
99692,9,America/Nome,Dutch Harbor,AK
99693,9,America/Anchorage,Whittier,AK
99694,9,America/Anchorage,Houston,AK
99695,9,America/Anchorage,Anchorage,AK
99697,9,America/Anchorage,Kodiak,AK
99701,9,America/Anchorage,Fairbanks,AK
99702,9,America/Anchorage,Eielson Afb,AK
99703,9,America/Anchorage,Fort Wainwright,AK
99704,9,America/Anchorage,Clear,AK
99705,9,America/Anchorage,North Pole,AK
99706,9,America/Anchorage,Fairbanks,AK
99707,9,America/Anchorage,Fairbanks,AK
99708,9,America/Anchorage,Fairbanks,AK
99709,9,America/Anchorage,Fairbanks,AK
99710,9,America/Anchorage,Fairbanks,AK
99711,9,America/Anchorage,Fairbanks,AK
99712,9,America/Anchorage,Fairbanks,AK
99714,9,America/Anchorage,Salcha,AK
99716,9,America/Anchorage,Two Rivers,AK
99720,9,America/Anchorage,Allakaket,AK
99721,9,America/Anchorage,Anaktuvuk Pass,AK
99722,9,America/Anchorage,Arctic Village,AK
99723,9,America/Anchorage,Barrow,AK
99724,9,America/Anchorage,Beaver,AK
99725,9,America/Anchorage,Ester,AK
99726,9,America/Anchorage,Bettles Field,AK
99727,9,America/Anchorage,Buckland,AK
99729,9,America/Anchorage,Cantwell,AK
99730,9,America/Anchorage,Central,AK
99731,9,America/Anchorage,Fort Greely,AK
99732,9,America/Anchorage,Chicken,AK
99733,9,America/Anchorage,Circle,AK
99734,9,America/Anchorage,Prudhoe Bay,AK
99736,9,America/Nome,Deering,AK
99737,9,America/Anchorage,Delta Junction,AK
99738,9,America/Anchorage,Eagle,AK
99739,9,America/Nome,Elim,AK
99740,9,America/Anchorage,Fort Yukon,AK
99741,9,America/Anchorage,Galena,AK
99742,9,America/Nome,Gambell,AK
99743,9,America/Anchorage,Healy,AK
99744,9,America/Anchorage,Anderson,AK
99745,9,America/Anchorage,Hughes,AK
99746,9,America/Anchorage,Huslia,AK
99747,9,America/Anchorage,Kaktovik,AK
99748,9,America/Anchorage,Kaltag,AK
99749,9,America/Anchorage,Kiana,AK
99750,9,America/Nome,Kivalina,AK
99751,9,America/Anchorage,Kobuk,AK
99752,9,America/Anchorage,Kotzebue,AK
99753,9,America/Anchorage,Koyuk,AK
99754,9,America/Anchorage,Koyukuk,AK
99755,9,America/Anchorage,Denali National Park,AK
99756,9,America/Anchorage,Manley Hot Springs,AK
99757,9,America/Anchorage,Lake Minchumina,AK
99758,9,America/Anchorage,Minto,AK
99759,9,America/Nome,Point Lay,AK
99760,9,America/Anchorage,Nenana,AK
99761,9,America/Nome,Noatak,AK
99762,9,America/Nome,Nome,AK
99763,9,America/Anchorage,Noorvik,AK
99764,9,America/Anchorage,Northway,AK
99765,9,America/Anchorage,Nulato,AK
99766,9,America/Nome,Point Hope,AK
99767,9,America/Anchorage,Rampart,AK
99768,9,America/Anchorage,Ruby,AK
99769,9,America/Nome,Savoonga,AK
99770,9,America/Anchorage,Selawik,AK
99771,9,America/Nome,Shaktoolik,AK
99772,9,America/Nome,Shishmaref,AK
99773,9,America/Anchorage,Shungnak,AK
99774,9,America/Anchorage,Stevens Village,AK
99775,9,America/Anchorage,Fairbanks,AK
99776,9,America/Anchorage,Tanacross,AK
99777,9,America/Anchorage,Tanana,AK
99778,9,America/Nome,Teller,AK
99779,9,America/Anchorage,Tok,AK
99780,9,America/Anchorage,Tok,AK
99781,9,America/Anchorage,Venetie,AK
99782,9,America/Anchorage,Wainwright,AK
99783,9,America/Nome,Wales,AK
99784,9,America/Nome,White Mountain,AK
99785,9,America/Nome,Brevig Mission,AK
99786,9,America/Anchorage,Ambler,AK
99788,9,America/Anchorage,Chalkyitsik,AK
99789,9,America/Anchorage,Nuiqsut,AK
99790,9,America/Anchorage,Fairbanks,AK
99791,9,America/Anchorage,Atqasuk,AK
99801,9,America/Juneau,Juneau,AK
99802,9,America/Juneau,Juneau,AK
99803,9,America/Juneau,Juneau,AK
99811,9,America/Juneau,Juneau,AK
99812,9,America/Juneau,Juneau,AK
99820,9,America/Juneau,Angoon,AK
99821,9,America/Juneau,Auke Bay,AK
99824,9,America/Juneau,Douglas,AK
99825,9,America/Juneau,Elfin Cove,AK
99826,9,America/Juneau,Gustavus,AK
99827,9,America/Juneau,Haines,AK
99829,9,America/Juneau,Hoonah,AK
99830,9,America/Sitka,Kake,AK
99832,9,America/Juneau,Pelican,AK
99833,9,America/Sitka,Petersburg,AK
99835,9,America/Sitka,Sitka,AK
99836,9,America/Juneau,Port Alexander,AK
99840,9,America/Juneau,Skagway,AK
99841,9,America/Juneau,Tenakee Springs,AK
99850,9,America/Juneau,Juneau,AK
99901,9,America/Sitka,Ketchikan,AK
99903,9,America/Sitka,Meyers Chuck,AK
99918,9,America/Sitka,Coffman Cove,AK
99919,9,America/Sitka,Thorne Bay,AK
99921,9,America/Sitka,Craig,AK
99922,9,America/Juneau,Hydaburg,AK
99923,9,America/Sitka,Hyder,AK
99925,9,America/Sitka,Klawock,AK
99926,9,America/Metlakatla,Metlakatla,AK
99927,9,America/Sitka,Point Baker,AK
99928,9,America/Sitka,Ward Cove,AK
99929,9,America/Sitka,Wrangell,AK
99950,9,America/Sitka,Ketchikan,AK